Cast Vote Record,Precinct,Ballot Style,"AUTHORIZING THE TOWN OF SCITUATE TO ISSUE GENERAL OBLIGATION BONDS IN AN AMOUNT NOT TO EXCEED $1,700,000 TO FINANCE A NEW POLICE STATION"
2,Precinct 3001,Precinct 3001,Reject
3,Precinct 3001,Precinct 3001,Approve
4,Precinct 3001,Precinct 3001,Approve
5,Precinct 3002,Precinct 3002,Approve
6,Precinct 3003,Precinct 3003,Approve
7,Precinct 3002,Precinct 3002,Approve
8,Precinct 3002,Precinct 3002,Approve
9,Precinct 3002,Precinct 3002,Approve
10,Precinct 3001,Precinct 3001,Reject
11,Precinct 3002,Precinct 3002,Reject
12,Precinct 3001,Precinct 3001,Approve
13,Precinct 3002,Precinct 3002,Approve
14,Precinct 3001,Precinct 3001,Approve
15,Precinct 3002,Precinct 3002,Approve
16,Precinct 3001,Precinct 3001,Approve
17,Precinct 3003,Precinct 3003,Approve
18,Precinct 3002,Precinct 3002,Approve
19,Precinct 3001,Precinct 3001,Approve
20,Precinct 3003,Precinct 3003,Reject
21,Precinct 3001,Precinct 3001,Approve
22,Precinct 3001,Precinct 3001,Approve
23,Precinct 3002,Precinct 3002,Reject
24,Precinct 3002,Precinct 3002,Approve
25,Precinct 3001,Precinct 3001,Approve
26,Precinct 3003,Precinct 3003,Approve
27,Precinct 3002,Precinct 3002,Approve
28,Precinct 3002,Precinct 3002,Approve
29,Precinct 3002,Precinct 3002,Approve
30,Precinct 3001,Precinct 3001,Reject
31,Precinct 3001,Precinct 3001,Reject
32,Precinct 3002,Precinct 3002,Approve
33,Precinct 3002,Precinct 3002,Approve
34,Precinct 3001,Precinct 3001,Approve
35,Precinct 3001,Precinct 3001,Approve
36,Precinct 3001,Precinct 3001,Reject
37,Precinct 3001,Precinct 3001,Approve
38,Precinct 3001,Precinct 3001,Approve
39,Precinct 3002,Precinct 3002,Approve
40,Precinct 3003,Precinct 3003,Approve
41,Precinct 3002,Precinct 3002,Approve
42,Precinct 3002,Precinct 3002,Approve
43,Precinct 3003,Precinct 3003,Approve
44,Precinct 3002,Precinct 3002,Approve
45,Precinct 3002,Precinct 3002,Approve
46,Precinct 3002,Precinct 3002,Approve
47,Precinct 3003,Precinct 3003,Approve
48,Precinct 3001,Precinct 3001,Approve
49,Precinct 3002,Precinct 3002,Approve
50,Precinct 3002,Precinct 3002,Approve
51,Precinct 3001,Precinct 3001,Approve
52,Precinct 3001,Precinct 3001,Approve
53,Precinct 3003,Precinct 3003,Reject
54,Precinct 3003,Precinct 3003,Approve
55,Precinct 3002,Precinct 3002,Approve
56,Precinct 3001,Precinct 3001,Reject
57,Precinct 3003,Precinct 3003,Approve
58,Precinct 3003,Precinct 3003,Approve
59,Precinct 3002,Precinct 3002,Approve
60,Precinct 3002,Precinct 3002,Approve
61,Precinct 3003,Precinct 3003,Approve
62,Precinct 3002,Precinct 3002,Approve
63,Precinct 3001,Precinct 3001,Approve
64,Precinct 3002,Precinct 3002,Reject
65,Precinct 3001,Precinct 3001,Approve
66,Precinct 3001,Precinct 3001,Approve
67,Precinct 3001,Precinct 3001,Approve
68,Precinct 3002,Precinct 3002,Approve
69,Precinct 3001,Precinct 3001,Approve
70,Precinct 3002,Precinct 3002,Approve
71,Precinct 3002,Precinct 3002,Approve
72,Precinct 3001,Precinct 3001,Approve
73,Precinct 3001,Precinct 3001,Approve
74,Precinct 3001,Precinct 3001,Approve
75,Precinct 3002,Precinct 3002,Approve
76,Precinct 3003,Precinct 3003,Reject
77,Precinct 3001,Precinct 3001,Approve
78,Precinct 3001,Precinct 3001,Approve
79,Precinct 3003,Precinct 3003,Approve
80,Precinct 3002,Precinct 3002,Approve
81,Precinct 3001,Precinct 3001,Approve
82,Precinct 3001,Precinct 3001,Approve
83,Precinct 3001,Precinct 3001,Reject
84,Precinct 3001,Precinct 3001,Approve
85,Precinct 3003,Precinct 3003,Approve
86,Precinct 3001,Precinct 3001,Reject
87,Precinct 3001,Precinct 3001,Approve
88,Precinct 3002,Precinct 3002,Approve
89,Precinct 3003,Precinct 3003,Approve
90,Precinct 3003,Precinct 3003,Approve
91,Precinct 3002,Precinct 3002,Approve
92,Precinct 3003,Precinct 3003,Reject
93,Precinct 3002,Precinct 3002,Approve
94,Precinct 3001,Precinct 3001,Approve
95,Precinct 3003,Precinct 3003,Reject
96,Precinct 3001,Precinct 3001,Approve
97,Precinct 3003,Precinct 3003,Approve
98,Precinct 3002,Precinct 3002,Approve
99,Precinct 3001,Precinct 3001,Approve
100,Precinct 3002,Precinct 3002,Reject
101,Precinct 3003,Precinct 3003,Approve
102,Precinct 3003,Precinct 3003,Approve
103,Precinct 3002,Precinct 3002,Approve
104,Precinct 3003,Precinct 3003,Approve
105,Precinct 3001,Precinct 3001,Reject
106,Precinct 3002,Precinct 3002,Approve
107,Precinct 3003,Precinct 3003,Approve
108,Precinct 3002,Precinct 3002,Approve
109,Precinct 3002,Precinct 3002,Approve
110,Precinct 3003,Precinct 3003,Approve
111,Precinct 3002,Precinct 3002,Approve
112,Precinct 3003,Precinct 3003,Reject
113,Precinct 3003,Precinct 3003,Approve
114,Precinct 3003,Precinct 3003,Approve
115,Precinct 3001,Precinct 3001,Reject
116,Precinct 3001,Precinct 3001,Approve
117,Precinct 3001,Precinct 3001,Approve
118,Precinct 3001,Precinct 3001,Reject
119,Precinct 3001,Precinct 3001,Approve
120,Precinct 3003,Precinct 3003,Approve
121,Precinct 3003,Precinct 3003,Approve
122,Precinct 3002,Precinct 3002,Approve
123,Precinct 3002,Precinct 3002,Approve
124,Precinct 3002,Precinct 3002,Approve
125,Precinct 3001,Precinct 3001,Approve
126,Precinct 3002,Precinct 3002,Approve
127,Precinct 3002,Precinct 3002,Approve
128,Precinct 3003,Precinct 3003,Approve
129,Precinct 3002,Precinct 3002,Approve
130,Precinct 3001,Precinct 3001,Approve
131,Precinct 3003,Precinct 3003,Reject
132,Precinct 3001,Precinct 3001,Approve
133,Precinct 3002,Precinct 3002,Approve
134,Precinct 3001,Precinct 3001,Reject
135,Precinct 3001,Precinct 3001,Approve
136,Precinct 3001,Precinct 3001,Approve
137,Precinct 3002,Precinct 3002,Reject
138,Precinct 3001,Precinct 3001,Approve
139,Precinct 3003,Precinct 3003,Approve
140,Precinct 3001,Precinct 3001,Approve
141,Precinct 3001,Precinct 3001,Approve
142,Precinct 3001,Precinct 3001,Approve
143,Precinct 3003,Precinct 3003,Approve
144,Precinct 3001,Precinct 3001,Approve
145,Precinct 3001,Precinct 3001,Approve
146,Precinct 3003,Precinct 3003,Reject
147,Precinct 3001,Precinct 3001,Approve
148,Precinct 3002,Precinct 3002,Approve
149,Precinct 3002,Precinct 3002,Approve
150,Precinct 3001,Precinct 3001,Approve
151,Precinct 3003,Precinct 3003,Approve
152,Precinct 3001,Precinct 3001,Approve
153,Precinct 3001,Precinct 3001,Approve
154,Precinct 3003,Precinct 3003,Approve
155,Precinct 3002,Precinct 3002,Approve
156,Precinct 3001,Precinct 3001,Approve
157,Precinct 3002,Precinct 3002,Approve
158,Precinct 3003,Precinct 3003,Approve
159,Precinct 3002,Precinct 3002,Approve
160,Precinct 3002,Precinct 3002,Approve
161,Precinct 3001,Precinct 3001,Approve
162,Precinct 3001,Precinct 3001,Approve
163,Precinct 3002,Precinct 3002,Approve
164,Precinct 3003,Precinct 3003,Reject
165,Precinct 3001,Precinct 3001,Reject
166,Precinct 3002,Precinct 3002,Approve
167,Precinct 3003,Precinct 3003,Approve
168,Precinct 3001,Precinct 3001,Approve
169,Precinct 3001,Precinct 3001,Approve
170,Precinct 3001,Precinct 3001,Approve
171,Precinct 3002,Precinct 3002,Approve
172,Precinct 3003,Precinct 3003,Approve
173,Precinct 3001,Precinct 3001,Reject
174,Precinct 3003,Precinct 3003,Approve
175,Precinct 3003,Precinct 3003,Approve
176,Precinct 3001,Precinct 3001,Approve
177,Precinct 3003,Precinct 3003,Approve
178,Precinct 3002,Precinct 3002,Approve
179,Precinct 3002,Precinct 3002,Approve
180,Precinct 3001,Precinct 3001,Reject
181,Precinct 3002,Precinct 3002,Approve
182,Precinct 3003,Precinct 3003,Reject
183,Precinct 3003,Precinct 3003,Approve
184,Precinct 3002,Precinct 3002,Reject
185,Precinct 3001,Precinct 3001,Approve
186,Precinct 3002,Precinct 3002,Reject
187,Precinct 3002,Precinct 3002,Approve
188,Precinct 3002,Precinct 3002,Approve
189,Precinct 3001,Precinct 3001,Approve
190,Precinct 3003,Precinct 3003,Approve
191,Precinct 3002,Precinct 3002,Approve
192,Precinct 3002,Precinct 3002,Approve
193,Precinct 3002,Precinct 3002,Approve
194,Precinct 3003,Precinct 3003,Approve
195,Precinct 3002,Precinct 3002,Approve
196,Precinct 3003,Precinct 3003,Reject
197,Precinct 3001,Precinct 3001,Reject
198,Precinct 3001,Precinct 3001,Approve
199,Precinct 3003,Precinct 3003,Approve
200,Precinct 3001,Precinct 3001,Approve
201,Precinct 3001,Precinct 3001,Approve
202,Precinct 3003,Precinct 3003,Approve
203,Precinct 3002,Precinct 3002,Approve
204,Precinct 3002,Precinct 3002,Reject
205,Precinct 3003,Precinct 3003,Approve
206,Precinct 3001,Precinct 3001,Approve
207,Precinct 3003,Precinct 3003,Reject
208,Precinct 3002,Precinct 3002,Approve
209,Precinct 3001,Precinct 3001,Approve
210,Precinct 3001,Precinct 3001,Approve
211,Precinct 3002,Precinct 3002,Approve
212,Precinct 3001,Precinct 3001,Reject
213,Precinct 3003,Precinct 3003,Approve
214,Precinct 3003,Precinct 3003,Approve
215,Precinct 3002,Precinct 3002,Approve
216,Precinct 3003,Precinct 3003,Reject
217,Precinct 3002,Precinct 3002,Approve
218,Precinct 3001,Precinct 3001,Approve
219,Precinct 3003,Precinct 3003,Approve
220,Precinct 3001,Precinct 3001,Approve
221,Precinct 3001,Precinct 3001,Approve
222,Precinct 3003,Precinct 3003,Reject
223,Precinct 3001,Precinct 3001,Approve
224,Precinct 3002,Precinct 3002,Approve
225,Precinct 3003,Precinct 3003,Approve
226,Precinct 3002,Precinct 3002,Reject
227,Precinct 3002,Precinct 3002,Approve
228,Precinct 3001,Precinct 3001,Reject
229,Precinct 3003,Precinct 3003,Approve
230,Precinct 3002,Precinct 3002,Approve
231,Precinct 3001,Precinct 3001,Approve
232,Precinct 3001,Precinct 3001,Approve
233,Precinct 3002,Precinct 3002,Approve
234,Precinct 3002,Precinct 3002,Reject
235,Precinct 3001,Precinct 3001,Approve
236,Precinct 3003,Precinct 3003,Approve
237,Precinct 3001,Precinct 3001,Reject
238,Precinct 3001,Precinct 3001,Approve
239,Precinct 3001,Precinct 3001,Reject
240,Precinct 3001,Precinct 3001,Approve
241,Precinct 3002,Precinct 3002,Approve
242,Precinct 3002,Precinct 3002,Approve
243,Precinct 3003,Precinct 3003,Approve
244,Precinct 3003,Precinct 3003,Approve
245,Precinct 3002,Precinct 3002,Approve
246,Precinct 3003,Precinct 3003,Approve
247,Precinct 3003,Precinct 3003,Approve
248,Precinct 3001,Precinct 3001,Approve
249,Precinct 3001,Precinct 3001,Approve
250,Precinct 3003,Precinct 3003,Reject
251,Precinct 3001,Precinct 3001,Approve
252,Precinct 3001,Precinct 3001,Approve
253,Precinct 3002,Precinct 3002,Approve
254,Precinct 3002,Precinct 3002,Approve
255,Precinct 3003,Precinct 3003,Approve
256,Precinct 3002,Precinct 3002,Approve
257,Precinct 3002,Precinct 3002,Approve
258,Precinct 3002,Precinct 3002,Reject
259,Precinct 3002,Precinct 3002,Approve
260,Precinct 3003,Precinct 3003,Approve
261,Precinct 3003,Precinct 3003,Approve
262,Precinct 3002,Precinct 3002,Approve
263,Precinct 3002,Precinct 3002,Approve
264,Precinct 3003,Precinct 3003,Approve
265,Precinct 3001,Precinct 3001,Approve
266,Precinct 3001,Precinct 3001,Approve
267,Precinct 3001,Precinct 3001,Approve
268,Precinct 3001,Precinct 3001,Approve
269,Precinct 3001,Precinct 3001,Approve
270,Precinct 3002,Precinct 3002,Approve
271,Precinct 3001,Precinct 3001,Approve
272,Precinct 3001,Precinct 3001,Approve
273,Precinct 3002,Precinct 3002,Reject
274,Precinct 3002,Precinct 3002,Approve
275,Precinct 3003,Precinct 3003,Approve
276,Precinct 3001,Precinct 3001,Approve
277,Precinct 3001,Precinct 3001,Approve
278,Precinct 3001,Precinct 3001,Approve
279,Precinct 3003,Precinct 3003,Approve
280,Precinct 3001,Precinct 3001,Approve
281,Precinct 3002,Precinct 3002,Approve
282,Precinct 3002,Precinct 3002,Approve
283,Precinct 3001,Precinct 3001,Approve
284,Precinct 3001,Precinct 3001,Approve
285,Precinct 3001,Precinct 3001,Approve
286,Precinct 3001,Precinct 3001,Approve
287,Precinct 3001,Precinct 3001,Reject
288,Precinct 3002,Precinct 3002,Approve
289,Precinct 3001,Precinct 3001,Approve
290,Precinct 3001,Precinct 3001,Approve
291,Precinct 3001,Precinct 3001,Approve
292,Precinct 3003,Precinct 3003,Approve
293,Precinct 3001,Precinct 3001,Reject
294,Precinct 3003,Precinct 3003,Approve
295,Precinct 3003,Precinct 3003,Approve
296,Precinct 3001,Precinct 3001,Approve
297,Precinct 3002,Precinct 3002,Approve
298,Precinct 3002,Precinct 3002,Approve
299,Precinct 3001,Precinct 3001,Approve
300,Precinct 3003,Precinct 3003,Approve
301,Precinct 3002,Precinct 3002,Reject
302,Precinct 3003,Precinct 3003,Approve
303,Precinct 3001,Precinct 3001,Approve
304,Precinct 3001,Precinct 3001,Approve
305,Precinct 3002,Precinct 3002,Approve
306,Precinct 3002,Precinct 3002,Reject
307,Precinct 3002,Precinct 3002,Approve
308,Precinct 3001,Precinct 3001,Approve
309,Precinct 3003,Precinct 3003,Approve
310,Precinct 3002,Precinct 3002,Approve
311,Precinct 3001,Precinct 3001,Reject
312,Precinct 3003,Precinct 3003,Approve
313,Precinct 3001,Precinct 3001,Approve
314,Precinct 3002,Precinct 3002,Approve
315,Precinct 3001,Precinct 3001,Approve
316,Precinct 3002,Precinct 3002,Approve
317,Precinct 3002,Precinct 3002,Reject
318,Precinct 3001,Precinct 3001,Approve
319,Precinct 3001,Precinct 3001,Approve
320,Precinct 3002,Precinct 3002,Approve
321,Precinct 3002,Precinct 3002,Approve
322,Precinct 3002,Precinct 3002,Approve
323,Precinct 3002,Precinct 3002,Approve
324,Precinct 3003,Precinct 3003,Approve
325,Precinct 3002,Precinct 3002,Approve
326,Precinct 3001,Precinct 3001,Approve
327,Precinct 3003,Precinct 3003,Approve
328,Precinct 3002,Precinct 3002,Approve
329,Precinct 3002,Precinct 3002,Approve
330,Precinct 3001,Precinct 3001,Approve
331,Precinct 3002,Precinct 3002,Approve
332,Precinct 3001,Precinct 3001,Approve
333,Precinct 3001,Precinct 3001,Reject
334,Precinct 3002,Precinct 3002,Approve
335,Precinct 3001,Precinct 3001,Approve
336,Precinct 3001,Precinct 3001,Approve
337,Precinct 3002,Precinct 3002,Approve
338,Precinct 3003,Precinct 3003,Approve
339,Precinct 3001,Precinct 3001,Approve
340,Precinct 3002,Precinct 3002,Approve
341,Precinct 3003,Precinct 3003,Approve
342,Precinct 3002,Precinct 3002,Approve
343,Precinct 3003,Precinct 3003,Approve
344,Precinct 3001,Precinct 3001,Reject
345,Precinct 3002,Precinct 3002,Approve
346,Precinct 3003,Precinct 3003,Reject
347,Precinct 3003,Precinct 3003,Reject
348,Precinct 3002,Precinct 3002,Approve
349,Precinct 3002,Precinct 3002,Approve
350,Precinct 3003,Precinct 3003,Approve
351,Precinct 3002,Precinct 3002,Approve
352,Precinct 3001,Precinct 3001,Approve
353,Precinct 3002,Precinct 3002,Approve
354,Precinct 3003,Precinct 3003,Approve
355,Precinct 3001,Precinct 3001,Approve
356,Precinct 3002,Precinct 3002,Approve
357,Precinct 3001,Precinct 3001,Approve
358,Precinct 3003,Precinct 3003,Approve
359,Precinct 3001,Precinct 3001,Approve
360,Precinct 3002,Precinct 3002,Approve
361,Precinct 3001,Precinct 3001,Approve
362,Precinct 3002,Precinct 3002,Approve
363,Precinct 3003,Precinct 3003,Approve
364,Precinct 3001,Precinct 3001,Approve
365,Precinct 3001,Precinct 3001,Reject
366,Precinct 3001,Precinct 3001,Approve
367,Precinct 3001,Precinct 3001,Approve
368,Precinct 3002,Precinct 3002,Approve
369,Precinct 3001,Precinct 3001,Reject
370,Precinct 3001,Precinct 3001,Reject
371,Precinct 3003,Precinct 3003,Approve
372,Precinct 3003,Precinct 3003,Approve
373,Precinct 3003,Precinct 3003,Approve
374,Precinct 3002,Precinct 3002,Approve
375,Precinct 3003,Precinct 3003,Approve
376,Precinct 3001,Precinct 3001,Approve
377,Precinct 3002,Precinct 3002,Approve
378,Precinct 3002,Precinct 3002,Reject
379,Precinct 3001,Precinct 3001,Approve
380,Precinct 3003,Precinct 3003,Approve
381,Precinct 3001,Precinct 3001,Approve
382,Precinct 3002,Precinct 3002,Approve
383,Precinct 3003,Precinct 3003,Approve
384,Precinct 3002,Precinct 3002,Approve
385,Precinct 3003,Precinct 3003,Approve
386,Precinct 3001,Precinct 3001,Approve
387,Precinct 3003,Precinct 3003,Approve
388,Precinct 3003,Precinct 3003,Approve
389,Precinct 3001,Precinct 3001,Approve
390,Precinct 3003,Precinct 3003,Approve
391,Precinct 3001,Precinct 3001,Reject
392,Precinct 3001,Precinct 3001,Approve
393,Precinct 3002,Precinct 3002,Approve
394,Precinct 3002,Precinct 3002,Approve
395,Precinct 3001,Precinct 3001,Approve
396,Precinct 3001,Precinct 3001,Approve
397,Precinct 3001,Precinct 3001,Approve
398,Precinct 3003,Precinct 3003,Approve
399,Precinct 3003,Precinct 3003,Approve
400,Precinct 3003,Precinct 3003,Approve
401,Precinct 3003,Precinct 3003,Reject
402,Precinct 3003,Precinct 3003,Approve
403,Precinct 3003,Precinct 3003,Reject
404,Precinct 3003,Precinct 3003,Approve
405,Precinct 3003,Precinct 3003,Reject
406,Precinct 3003,Precinct 3003,Approve
407,Precinct 3003,Precinct 3003,Reject
408,Precinct 3003,Precinct 3003,Approve
409,Precinct 3003,Precinct 3003,Reject
410,Precinct 3003,Precinct 3003,Approve
411,Precinct 3003,Precinct 3003,Approve
412,Precinct 3003,Precinct 3003,Approve
413,Precinct 3003,Precinct 3003,Approve
414,Precinct 3003,Precinct 3003,Reject
415,Precinct 3003,Precinct 3003,Approve
416,Precinct 3003,Precinct 3003,Approve
417,Precinct 3003,Precinct 3003,Reject
418,Precinct 3003,Precinct 3003,Reject
419,Precinct 3003,Precinct 3003,Reject
420,Precinct 3003,Precinct 3003,Approve
421,Precinct 3003,Precinct 3003,Approve
422,Precinct 3003,Precinct 3003,Approve
423,Precinct 3003,Precinct 3003,Approve
424,Precinct 3003,Precinct 3003,Reject
425,Precinct 3003,Precinct 3003,Approve
426,Precinct 3003,Precinct 3003,Approve
427,Precinct 3003,Precinct 3003,Reject
428,Precinct 3003,Precinct 3003,Approve
429,Precinct 3003,Precinct 3003,Approve
430,Precinct 3003,Precinct 3003,Reject
431,Precinct 3003,Precinct 3003,Approve
432,Precinct 3003,Precinct 3003,Reject
433,Precinct 3003,Precinct 3003,Reject
434,Precinct 3003,Precinct 3003,Approve
435,Precinct 3003,Precinct 3003,Reject
436,Precinct 3003,Precinct 3003,Reject
437,Precinct 3003,Precinct 3003,Approve
438,Precinct 3003,Precinct 3003,Approve
439,Precinct 3003,Precinct 3003,Approve
440,Precinct 3003,Precinct 3003,Reject
441,Precinct 3003,Precinct 3003,Reject
442,Precinct 3003,Precinct 3003,Approve
443,Precinct 3003,Precinct 3003,Approve
444,Precinct 3003,Precinct 3003,Reject
445,Precinct 3003,Precinct 3003,Reject
446,Precinct 3003,Precinct 3003,Reject
447,Precinct 3003,Precinct 3003,Reject
448,Precinct 3003,Precinct 3003,Reject
449,Precinct 3003,Precinct 3003,Reject
450,Precinct 3003,Precinct 3003,Approve
451,Precinct 3003,Precinct 3003,Reject
452,Precinct 3003,Precinct 3003,Approve
453,Precinct 3003,Precinct 3003,Approve
454,Precinct 3003,Precinct 3003,Approve
455,Precinct 3003,Precinct 3003,Approve
456,Precinct 3003,Precinct 3003,Reject
457,Precinct 3003,Precinct 3003,Reject
458,Precinct 3003,Precinct 3003,Approve
459,Precinct 3003,Precinct 3003,Reject
460,Precinct 3003,Precinct 3003,Approve
461,Precinct 3003,Precinct 3003,Reject
462,Precinct 3003,Precinct 3003,Approve
463,Precinct 3003,Precinct 3003,Reject
464,Precinct 3003,Precinct 3003,Approve
465,Precinct 3003,Precinct 3003,Approve
466,Precinct 3003,Precinct 3003,Approve
467,Precinct 3003,Precinct 3003,Reject
468,Precinct 3003,Precinct 3003,Approve
469,Precinct 3003,Precinct 3003,Reject
470,Precinct 3003,Precinct 3003,Approve
471,Precinct 3003,Precinct 3003,Approve
472,Precinct 3003,Precinct 3003,Approve
473,Precinct 3003,Precinct 3003,Approve
474,Precinct 3003,Precinct 3003,Approve
475,Precinct 3003,Precinct 3003,Approve
476,Precinct 3003,Precinct 3003,Approve
477,Precinct 3003,Precinct 3003,Approve
478,Precinct 3003,Precinct 3003,Approve
479,Precinct 3003,Precinct 3003,Approve
480,Precinct 3003,Precinct 3003,Approve
481,Precinct 3003,Precinct 3003,Reject
482,Precinct 3003,Precinct 3003,Approve
483,Precinct 3003,Precinct 3003,Approve
484,Precinct 3003,Precinct 3003,Reject
485,Precinct 3003,Precinct 3003,Reject
486,Precinct 3003,Precinct 3003,Approve
487,Precinct 3003,Precinct 3003,Reject
488,Precinct 3003,Precinct 3003,Approve
489,Precinct 3003,Precinct 3003,Approve
490,Precinct 3003,Precinct 3003,Reject
491,Precinct 3003,Precinct 3003,Reject
492,Precinct 3003,Precinct 3003,Reject
493,Precinct 3003,Precinct 3003,Reject
494,Precinct 3003,Precinct 3003,Reject
495,Precinct 3003,Precinct 3003,Reject
496,Precinct 3003,Precinct 3003,Reject
497,Precinct 3003,Precinct 3003,Reject
498,Precinct 3003,Precinct 3003,Reject
499,Precinct 3003,Precinct 3003,Approve
500,Precinct 3003,Precinct 3003,Approve
501,Precinct 3003,Precinct 3003,Reject
502,Precinct 3003,Precinct 3003,Reject
503,Precinct 3003,Precinct 3003,Approve
504,Precinct 3003,Precinct 3003,Reject
505,Precinct 3003,Precinct 3003,Approve
506,Precinct 3003,Precinct 3003,Approve
507,Precinct 3003,Precinct 3003,Reject
508,Precinct 3003,Precinct 3003,Approve
509,Precinct 3003,Precinct 3003,Reject
510,Precinct 3003,Precinct 3003,Approve
511,Precinct 3003,Precinct 3003,Approve
512,Precinct 3003,Precinct 3003,Approve
513,Precinct 3003,Precinct 3003,Reject
514,Precinct 3003,Precinct 3003,Approve
515,Precinct 3003,Precinct 3003,Approve
516,Precinct 3003,Precinct 3003,Approve
517,Precinct 3003,Precinct 3003,Reject
518,Precinct 3003,Precinct 3003,Reject
519,Precinct 3003,Precinct 3003,Reject
520,Precinct 3003,Precinct 3003,Reject
521,Precinct 3003,Precinct 3003,Approve
522,Precinct 3003,Precinct 3003,Approve
523,Precinct 3003,Precinct 3003,Reject
524,Precinct 3003,Precinct 3003,Approve
525,Precinct 3003,Precinct 3003,Approve
526,Precinct 3003,Precinct 3003,Reject
527,Precinct 3003,Precinct 3003,Reject
528,Precinct 3003,Precinct 3003,Approve
529,Precinct 3003,Precinct 3003,Approve
530,Precinct 3003,Precinct 3003,Approve
531,Precinct 3003,Precinct 3003,Reject
532,Precinct 3003,Precinct 3003,Reject
533,Precinct 3003,Precinct 3003,Approve
534,Precinct 3003,Precinct 3003,Reject
535,Precinct 3003,Precinct 3003,Approve
536,Precinct 3003,Precinct 3003,Reject
537,Precinct 3003,Precinct 3003,Approve
538,Precinct 3003,Precinct 3003,Approve
539,Precinct 3003,Precinct 3003,Approve
540,Precinct 3003,Precinct 3003,Approve
541,Precinct 3003,Precinct 3003,Approve
542,Precinct 3003,Precinct 3003,Approve
543,Precinct 3003,Precinct 3003,Reject
544,Precinct 3003,Precinct 3003,Approve
545,Precinct 3003,Precinct 3003,Approve
546,Precinct 3003,Precinct 3003,Reject
547,Precinct 3003,Precinct 3003,Approve
548,Precinct 3003,Precinct 3003,Reject
549,Precinct 3003,Precinct 3003,Approve
550,Precinct 3003,Precinct 3003,Approve
551,Precinct 3003,Precinct 3003,Approve
552,Precinct 3003,Precinct 3003,Reject
553,Precinct 3003,Precinct 3003,Reject
554,Precinct 3003,Precinct 3003,Reject
555,Precinct 3003,Precinct 3003,Reject
556,Precinct 3003,Precinct 3003,Reject
557,Precinct 3003,Precinct 3003,Reject
558,Precinct 3003,Precinct 3003,Approve
559,Precinct 3003,Precinct 3003,Reject
560,Precinct 3003,Precinct 3003,Approve
561,Precinct 3003,Precinct 3003,Reject
562,Precinct 3003,Precinct 3003,Reject
563,Precinct 3003,Precinct 3003,Reject
564,Precinct 3003,Precinct 3003,Reject
565,Precinct 3003,Precinct 3003,Approve
566,Precinct 3003,Precinct 3003,Approve
567,Precinct 3003,Precinct 3003,Approve
568,Precinct 3003,Precinct 3003,Reject
569,Precinct 3003,Precinct 3003,Approve
570,Precinct 3003,Precinct 3003,Approve
571,Precinct 3003,Precinct 3003,Reject
572,Precinct 3003,Precinct 3003,Reject
573,Precinct 3003,Precinct 3003,Approve
574,Precinct 3003,Precinct 3003,Reject
575,Precinct 3003,Precinct 3003,Approve
576,Precinct 3003,Precinct 3003,Approve
577,Precinct 3003,Precinct 3003,Reject
578,Precinct 3003,Precinct 3003,Approve
579,Precinct 3003,Precinct 3003,Approve
580,Precinct 3003,Precinct 3003,Reject
581,Precinct 3003,Precinct 3003,Reject
582,Precinct 3003,Precinct 3003,Approve
583,Precinct 3003,Precinct 3003,Reject
584,Precinct 3003,Precinct 3003,Approve
585,Precinct 3003,Precinct 3003,Reject
586,Precinct 3003,Precinct 3003,Approve
587,Precinct 3003,Precinct 3003,Approve
588,Precinct 3003,Precinct 3003,Reject
589,Precinct 3003,Precinct 3003,Reject
590,Precinct 3003,Precinct 3003,Approve
591,Precinct 3003,Precinct 3003,Reject
592,Precinct 3003,Precinct 3003,Reject
593,Precinct 3003,Precinct 3003,Approve
594,Precinct 3003,Precinct 3003,Approve
595,Precinct 3003,Precinct 3003,Approve
596,Precinct 3003,Precinct 3003,Approve
597,Precinct 3003,Precinct 3003,Reject
598,Precinct 3003,Precinct 3003,Approve
599,Precinct 3003,Precinct 3003,Reject
600,Precinct 3003,Precinct 3003,Approve
601,Precinct 3003,Precinct 3003,Approve
602,Precinct 3003,Precinct 3003,Approve
603,Precinct 3003,Precinct 3003,Approve
604,Precinct 3003,Precinct 3003,Reject
605,Precinct 3003,Precinct 3003,Reject
606,Precinct 3003,Precinct 3003,Reject
607,Precinct 3003,Precinct 3003,Reject
608,Precinct 3003,Precinct 3003,Reject
609,Precinct 3003,Precinct 3003,Approve
610,Precinct 3003,Precinct 3003,Reject
611,Precinct 3003,Precinct 3003,Reject
612,Precinct 3003,Precinct 3003,Approve
613,Precinct 3003,Precinct 3003,Reject
614,Precinct 3003,Precinct 3003,Reject
615,Precinct 3003,Precinct 3003,Approve
616,Precinct 3003,Precinct 3003,Approve
617,Precinct 3003,Precinct 3003,Reject
618,Precinct 3003,Precinct 3003,Reject
619,Precinct 3003,Precinct 3003,Reject
620,Precinct 3003,Precinct 3003,Approve
621,Precinct 3003,Precinct 3003,Reject
622,Precinct 3003,Precinct 3003,Approve
623,Precinct 3003,Precinct 3003,Reject
624,Precinct 3003,Precinct 3003,Reject
625,Precinct 3003,Precinct 3003,Approve
626,Precinct 3003,Precinct 3003,Reject
627,Precinct 3003,Precinct 3003,Reject
628,Precinct 3003,Precinct 3003,Approve
629,Precinct 3003,Precinct 3003,Approve
630,Precinct 3003,Precinct 3003,Reject
631,Precinct 3003,Precinct 3003,Reject
632,Precinct 3003,Precinct 3003,Approve
633,Precinct 3003,Precinct 3003,Approve
634,Precinct 3003,Precinct 3003,Reject
635,Precinct 3003,Precinct 3003,Approve
636,Precinct 3003,Precinct 3003,Reject
637,Precinct 3003,Precinct 3003,Approve
638,Precinct 3003,Precinct 3003,Reject
639,Precinct 3003,Precinct 3003,Reject
640,Precinct 3003,Precinct 3003,Reject
641,Precinct 3003,Precinct 3003,Reject
642,Precinct 3003,Precinct 3003,Approve
643,Precinct 3003,Precinct 3003,Approve
644,Precinct 3003,Precinct 3003,Reject
645,Precinct 3003,Precinct 3003,Reject
646,Precinct 3003,Precinct 3003,Reject
647,Precinct 3003,Precinct 3003,Reject
648,Precinct 3003,Precinct 3003,Approve
649,Precinct 3003,Precinct 3003,Reject
650,Precinct 3003,Precinct 3003,Reject
651,Precinct 3003,Precinct 3003,Approve
652,Precinct 3003,Precinct 3003,Reject
653,Precinct 3003,Precinct 3003,Reject
654,Precinct 3003,Precinct 3003,Approve
655,Precinct 3003,Precinct 3003,Reject
656,Precinct 3003,Precinct 3003,Reject
657,Precinct 3003,Precinct 3003,Approve
658,Precinct 3003,Precinct 3003,Reject
659,Precinct 3003,Precinct 3003,Approve
660,Precinct 3003,Precinct 3003,Reject
661,Precinct 3003,Precinct 3003,Reject
662,Precinct 3003,Precinct 3003,Approve
663,Precinct 3003,Precinct 3003,Approve
664,Precinct 3003,Precinct 3003,Reject
665,Precinct 3003,Precinct 3003,Approve
666,Precinct 3003,Precinct 3003,Approve
667,Precinct 3003,Precinct 3003,Reject
668,Precinct 3003,Precinct 3003,Reject
669,Precinct 3003,Precinct 3003,Reject
670,Precinct 3003,Precinct 3003,Approve
671,Precinct 3003,Precinct 3003,Reject
672,Precinct 3003,Precinct 3003,Reject
673,Precinct 3003,Precinct 3003,Reject
674,Precinct 3003,Precinct 3003,Reject
675,Precinct 3003,Precinct 3003,Reject
676,Precinct 3003,Precinct 3003,Reject
677,Precinct 3003,Precinct 3003,Reject
678,Precinct 3003,Precinct 3003,Approve
679,Precinct 3003,Precinct 3003,Reject
680,Precinct 3003,Precinct 3003,Approve
681,Precinct 3003,Precinct 3003,Approve
682,Precinct 3003,Precinct 3003,Reject
683,Precinct 3003,Precinct 3003,Approve
684,Precinct 3003,Precinct 3003,Approve
685,Precinct 3003,Precinct 3003,Approve
686,Precinct 3003,Precinct 3003,Reject
687,Precinct 3003,Precinct 3003,Reject
688,Precinct 3003,Precinct 3003,Approve
689,Precinct 3003,Precinct 3003,Reject
690,Precinct 3003,Precinct 3003,Approve
691,Precinct 3003,Precinct 3003,Approve
692,Precinct 3003,Precinct 3003,Reject
693,Precinct 3003,Precinct 3003,Approve
694,Precinct 3003,Precinct 3003,Reject
695,Precinct 3003,Precinct 3003,Approve
696,Precinct 3003,Precinct 3003,Approve
697,Precinct 3003,Precinct 3003,Approve
698,Precinct 3003,Precinct 3003,Approve
699,Precinct 3003,Precinct 3003,Reject
700,Precinct 3003,Precinct 3003,Approve
701,Precinct 3003,Precinct 3003,Reject
702,Precinct 3003,Precinct 3003,Approve
703,Precinct 3003,Precinct 3003,Approve
704,Precinct 3003,Precinct 3003,Reject
705,Precinct 3003,Precinct 3003,Approve
706,Precinct 3003,Precinct 3003,Reject
707,Precinct 3003,Precinct 3003,Approve
708,Precinct 3003,Precinct 3003,Reject
709,Precinct 3003,Precinct 3003,Reject
710,Precinct 3003,Precinct 3003,Reject
711,Precinct 3003,Precinct 3003,Reject
712,Precinct 3003,Precinct 3003,Approve
713,Precinct 3003,Precinct 3003,Reject
714,Precinct 3003,Precinct 3003,Approve
715,Precinct 3003,Precinct 3003,Reject
716,Precinct 3003,Precinct 3003,Approve
717,Precinct 3003,Precinct 3003,Reject
718,Precinct 3003,Precinct 3003,Approve
719,Precinct 3003,Precinct 3003,Approve
720,Precinct 3003,Precinct 3003,Approve
721,Precinct 3003,Precinct 3003,Reject
722,Precinct 3003,Precinct 3003,Reject
723,Precinct 3003,Precinct 3003,Approve
724,Precinct 3003,Precinct 3003,Approve
725,Precinct 3003,Precinct 3003,Approve
726,Precinct 3003,Precinct 3003,Reject
727,Precinct 3003,Precinct 3003,Approve
728,Precinct 3003,Precinct 3003,Reject
729,Precinct 3003,Precinct 3003,Reject
730,Precinct 3003,Precinct 3003,Reject
731,Precinct 3003,Precinct 3003,Approve
732,Precinct 3003,Precinct 3003,Reject
733,Precinct 3003,Precinct 3003,Approve
734,Precinct 3003,Precinct 3003,Reject
735,Precinct 3003,Precinct 3003,Reject
736,Precinct 3003,Precinct 3003,Approve
737,Precinct 3003,Precinct 3003,Approve
738,Precinct 3003,Precinct 3003,Approve
739,Precinct 3003,Precinct 3003,Reject
740,Precinct 3003,Precinct 3003,Approve
741,Precinct 3003,Precinct 3003,Reject
742,Precinct 3003,Precinct 3003,Reject
743,Precinct 3003,Precinct 3003,Approve
744,Precinct 3003,Precinct 3003,Approve
745,Precinct 3003,Precinct 3003,Approve
746,Precinct 3003,Precinct 3003,Approve
747,Precinct 3003,Precinct 3003,Approve
748,Precinct 3003,Precinct 3003,Reject
749,Precinct 3003,Precinct 3003,Approve
750,Precinct 3003,Precinct 3003,Reject
751,Precinct 3003,Precinct 3003,Reject
752,Precinct 3003,Precinct 3003,Approve
753,Precinct 3003,Precinct 3003,Approve
754,Precinct 3003,Precinct 3003,Reject
755,Precinct 3003,Precinct 3003,Reject
756,Precinct 3003,Precinct 3003,Reject
757,Precinct 3003,Precinct 3003,Reject
758,Precinct 3003,Precinct 3003,Approve
759,Precinct 3003,Precinct 3003,Reject
760,Precinct 3003,Precinct 3003,Reject
761,Precinct 3003,Precinct 3003,Approve
762,Precinct 3003,Precinct 3003,Approve
763,Precinct 3003,Precinct 3003,Approve
764,Precinct 3003,Precinct 3003,Approve
765,Precinct 3003,Precinct 3003,Reject
766,Precinct 3003,Precinct 3003,Approve
767,Precinct 3003,Precinct 3003,Approve
768,Precinct 3003,Precinct 3003,Reject
769,Precinct 3003,Precinct 3003,Reject
770,Precinct 3003,Precinct 3003,Reject
771,Precinct 3003,Precinct 3003,Reject
772,Precinct 3003,Precinct 3003,Approve
773,Precinct 3003,Precinct 3003,Reject
774,Precinct 3003,Precinct 3003,Reject
775,Precinct 3003,Precinct 3003,Approve
776,Precinct 3003,Precinct 3003,Approve
777,Precinct 3003,Precinct 3003,Approve
778,Precinct 3003,Precinct 3003,Reject
779,Precinct 3003,Precinct 3003,Approve
780,Precinct 3003,Precinct 3003,Approve
781,Precinct 3003,Precinct 3003,Approve
782,Precinct 3003,Precinct 3003,Approve
783,Precinct 3003,Precinct 3003,Approve
784,Precinct 3003,Precinct 3003,Approve
785,Precinct 3003,Precinct 3003,Reject
786,Precinct 3003,Precinct 3003,Approve
787,Precinct 3003,Precinct 3003,Reject
788,Precinct 3003,Precinct 3003,Reject
789,Precinct 3003,Precinct 3003,Reject
790,Precinct 3003,Precinct 3003,Approve
791,Precinct 3003,Precinct 3003,Reject
792,Precinct 3003,Precinct 3003,Approve
793,Precinct 3003,Precinct 3003,Approve
794,Precinct 3003,Precinct 3003,Reject
795,Precinct 3003,Precinct 3003,Approve
796,Precinct 3003,Precinct 3003,Approve
797,Precinct 3003,Precinct 3003,Reject
798,Precinct 3003,Precinct 3003,Approve
799,Precinct 3003,Precinct 3003,Approve
800,Precinct 3003,Precinct 3003,Reject
801,Precinct 3003,Precinct 3003,Approve
802,Precinct 3003,Precinct 3003,Approve
803,Precinct 3003,Precinct 3003,Approve
804,Precinct 3003,Precinct 3003,Approve
805,Precinct 3003,Precinct 3003,Approve
806,Precinct 3003,Precinct 3003,Approve
807,Precinct 3003,Precinct 3003,Reject
808,Precinct 3003,Precinct 3003,Approve
809,Precinct 3003,Precinct 3003,Reject
810,Precinct 3003,Precinct 3003,Reject
811,Precinct 3003,Precinct 3003,Reject
812,Precinct 3003,Precinct 3003,Approve
813,Precinct 3003,Precinct 3003,Reject
814,Precinct 3003,Precinct 3003,Approve
815,Precinct 3003,Precinct 3003,Reject
816,Precinct 3003,Precinct 3003,Reject
817,Precinct 3003,Precinct 3003,Reject
818,Precinct 3003,Precinct 3003,Reject
819,Precinct 3003,Precinct 3003,Reject
820,Precinct 3003,Precinct 3003,Approve
821,Precinct 3003,Precinct 3003,Approve
822,Precinct 3003,Precinct 3003,Approve
823,Precinct 3003,Precinct 3003,Reject
824,Precinct 3003,Precinct 3003,Approve
825,Precinct 3003,Precinct 3003,Reject
826,Precinct 3003,Precinct 3003,Reject
827,Precinct 3003,Precinct 3003,Approve
828,Precinct 3003,Precinct 3003,Reject
829,Precinct 3003,Precinct 3003,Reject
830,Precinct 3003,Precinct 3003,Approve
831,Precinct 3003,Precinct 3003,Reject
832,Precinct 3003,Precinct 3003,Reject
833,Precinct 3003,Precinct 3003,Approve
834,Precinct 3003,Precinct 3003,Reject
835,Precinct 3003,Precinct 3003,Approve
836,Precinct 3003,Precinct 3003,Reject
837,Precinct 3003,Precinct 3003,Approve
838,Precinct 3003,Precinct 3003,Approve
839,Precinct 3003,Precinct 3003,Approve
840,Precinct 3003,Precinct 3003,Reject
841,Precinct 3003,Precinct 3003,Reject
842,Precinct 3003,Precinct 3003,Reject
843,Precinct 3003,Precinct 3003,Approve
844,Precinct 3003,Precinct 3003,Approve
845,Precinct 3003,Precinct 3003,Approve
846,Precinct 3003,Precinct 3003,Reject
847,Precinct 3003,Precinct 3003,Reject
848,Precinct 3003,Precinct 3003,Approve
849,Precinct 3003,Precinct 3003,Approve
850,Precinct 3003,Precinct 3003,Reject
851,Precinct 3003,Precinct 3003,Reject
852,Precinct 3003,Precinct 3003,Reject
853,Precinct 3003,Precinct 3003,Reject
854,Precinct 3003,Precinct 3003,Approve
855,Precinct 3003,Precinct 3003,Approve
856,Precinct 3003,Precinct 3003,Reject
857,Precinct 3003,Precinct 3003,Reject
858,Precinct 3003,Precinct 3003,Approve
859,Precinct 3003,Precinct 3003,Reject
860,Precinct 3003,Precinct 3003,Reject
861,Precinct 3003,Precinct 3003,Approve
862,Precinct 3003,Precinct 3003,Approve
863,Precinct 3003,Precinct 3003,Reject
864,Precinct 3003,Precinct 3003,Approve
865,Precinct 3003,Precinct 3003,Reject
866,Precinct 3003,Precinct 3003,Reject
867,Precinct 3003,Precinct 3003,Reject
868,Precinct 3003,Precinct 3003,Reject
869,Precinct 3003,Precinct 3003,Reject
870,Precinct 3003,Precinct 3003,Reject
871,Precinct 3003,Precinct 3003,Reject
872,Precinct 3003,Precinct 3003,Approve
873,Precinct 3003,Precinct 3003,Reject
874,Precinct 3003,Precinct 3003,Approve
875,Precinct 3003,Precinct 3003,Reject
876,Precinct 3003,Precinct 3003,Approve
877,Precinct 3003,Precinct 3003,Reject
878,Precinct 3003,Precinct 3003,Approve
879,Precinct 3003,Precinct 3003,Approve
880,Precinct 3003,Precinct 3003,Approve
881,Precinct 3003,Precinct 3003,Reject
882,Precinct 3003,Precinct 3003,Reject
883,Precinct 3003,Precinct 3003,Approve
884,Precinct 3003,Precinct 3003,Approve
885,Precinct 3003,Precinct 3003,Reject
886,Precinct 3003,Precinct 3003,Reject
887,Precinct 3003,Precinct 3003,Approve
888,Precinct 3003,Precinct 3003,Approve
889,Precinct 3003,Precinct 3003,Reject
890,Precinct 3003,Precinct 3003,Reject
891,Precinct 3003,Precinct 3003,Reject
892,Precinct 3003,Precinct 3003,Approve
893,Precinct 3003,Precinct 3003,Reject
894,Precinct 3003,Precinct 3003,Approve
895,Precinct 3003,Precinct 3003,Approve
896,Precinct 3003,Precinct 3003,Reject
897,Precinct 3003,Precinct 3003,Reject
898,Precinct 3003,Precinct 3003,Approve
899,Precinct 3003,Precinct 3003,Reject
900,Precinct 3003,Precinct 3003,Approve
901,Precinct 3003,Precinct 3003,Approve
902,Precinct 3003,Precinct 3003,Reject
903,Precinct 3003,Precinct 3003,Reject
904,Precinct 3003,Precinct 3003,Reject
905,Precinct 3003,Precinct 3003,Approve
906,Precinct 3003,Precinct 3003,Approve
907,Precinct 3003,Precinct 3003,Reject
908,Precinct 3003,Precinct 3003,Reject
909,Precinct 3003,Precinct 3003,Approve
910,Precinct 3003,Precinct 3003,Reject
911,Precinct 3003,Precinct 3003,Reject
912,Precinct 3003,Precinct 3003,Reject
913,Precinct 3003,Precinct 3003,Reject
914,Precinct 3003,Precinct 3003,Approve
915,Precinct 3003,Precinct 3003,Reject
916,Precinct 3003,Precinct 3003,Reject
917,Precinct 3003,Precinct 3003,Reject
918,Precinct 3003,Precinct 3003,Reject
919,Precinct 3003,Precinct 3003,Reject
920,Precinct 3003,Precinct 3003,Approve
921,Precinct 3003,Precinct 3003,Approve
922,Precinct 3003,Precinct 3003,Approve
923,Precinct 3003,Precinct 3003,Approve
924,Precinct 3003,Precinct 3003,Reject
925,Precinct 3003,Precinct 3003,Approve
926,Precinct 3003,Precinct 3003,Reject
927,Precinct 3003,Precinct 3003,Reject
928,Precinct 3003,Precinct 3003,Reject
929,Precinct 3003,Precinct 3003,Reject
930,Precinct 3003,Precinct 3003,Approve
931,Precinct 3003,Precinct 3003,Approve
932,Precinct 3003,Precinct 3003,Approve
933,Precinct 3003,Precinct 3003,Approve
934,Precinct 3003,Precinct 3003,Reject
935,Precinct 3003,Precinct 3003,Reject
936,Precinct 3003,Precinct 3003,Reject
937,Precinct 3003,Precinct 3003,Approve
938,Precinct 3003,Precinct 3003,Reject
939,Precinct 3003,Precinct 3003,Reject
940,Precinct 3003,Precinct 3003,Reject
941,Precinct 3003,Precinct 3003,Reject
942,Precinct 3003,Precinct 3003,Approve
943,Precinct 3003,Precinct 3003,Approve
944,Precinct 3003,Precinct 3003,Reject
945,Precinct 3003,Precinct 3003,Approve
946,Precinct 3003,Precinct 3003,Approve
947,Precinct 3003,Precinct 3003,Approve
948,Precinct 3003,Precinct 3003,Approve
949,Precinct 3003,Precinct 3003,Approve
950,Precinct 3003,Precinct 3003,Reject
951,Precinct 3003,Precinct 3003,Reject
952,Precinct 3003,Precinct 3003,Approve
953,Precinct 3003,Precinct 3003,Approve
954,Precinct 3003,Precinct 3003,Reject
955,Precinct 3003,Precinct 3003,Approve
956,Precinct 3003,Precinct 3003,Approve
957,Precinct 3003,Precinct 3003,Approve
958,Precinct 3003,Precinct 3003,Approve
959,Precinct 3003,Precinct 3003,Approve
960,Precinct 3003,Precinct 3003,Reject
961,Precinct 3003,Precinct 3003,Approve
962,Precinct 3003,Precinct 3003,Approve
963,Precinct 3003,Precinct 3003,Approve
964,Precinct 3003,Precinct 3003,Reject
965,Precinct 3003,Precinct 3003,Approve
966,Precinct 3003,Precinct 3003,Approve
967,Precinct 3003,Precinct 3003,Reject
968,Precinct 3003,Precinct 3003,Reject
969,Precinct 3003,Precinct 3003,Approve
970,Precinct 3003,Precinct 3003,Reject
971,Precinct 3003,Precinct 3003,Reject
972,Precinct 3003,Precinct 3003,Reject
973,Precinct 3003,Precinct 3003,Approve
974,Precinct 3003,Precinct 3003,Approve
975,Precinct 3003,Precinct 3003,Reject
976,Precinct 3003,Precinct 3003,Approve
977,Precinct 3003,Precinct 3003,Approve
978,Precinct 3003,Precinct 3003,Reject
979,Precinct 3003,Precinct 3003,Approve
980,Precinct 3003,Precinct 3003,Approve
981,Precinct 3003,Precinct 3003,Approve
982,Precinct 3003,Precinct 3003,Reject
983,Precinct 3003,Precinct 3003,Reject
984,Precinct 3003,Precinct 3003,Reject
985,Precinct 3003,Precinct 3003,Approve
986,Precinct 3003,Precinct 3003,Reject
987,Precinct 3003,Precinct 3003,Approve
988,Precinct 3003,Precinct 3003,Reject
989,Precinct 3003,Precinct 3003,Approve
990,Precinct 3003,Precinct 3003,Approve
991,Precinct 3003,Precinct 3003,Reject
992,Precinct 3003,Precinct 3003,Approve
993,Precinct 3003,Precinct 3003,Approve
994,Precinct 3003,Precinct 3003,Approve
995,Precinct 3003,Precinct 3003,Approve
996,Precinct 3003,Precinct 3003,Approve
997,Precinct 3003,Precinct 3003,Approve
998,Precinct 3003,Precinct 3003,Approve
999,Precinct 3003,Precinct 3003,Reject
1000,Precinct 3003,Precinct 3003,Reject
1001,Precinct 3003,Precinct 3003,Approve
1002,Precinct 3003,Precinct 3003,Approve
1003,Precinct 3003,Precinct 3003,Approve
1004,Precinct 3003,Precinct 3003,Approve
1005,Precinct 3003,Precinct 3003,Reject
1006,Precinct 3003,Precinct 3003,Approve
1007,Precinct 3003,Precinct 3003,Reject
1008,Precinct 3003,Precinct 3003,Approve
1009,Precinct 3003,Precinct 3003,Approve
1010,Precinct 3003,Precinct 3003,Reject
1011,Precinct 3003,Precinct 3003,Approve
1012,Precinct 3003,Precinct 3003,Reject
1013,Precinct 3003,Precinct 3003,Reject
1014,Precinct 3003,Precinct 3003,Reject
1015,Precinct 3003,Precinct 3003,Approve
1016,Precinct 3003,Precinct 3003,Approve
1017,Precinct 3003,Precinct 3003,Reject
1018,Precinct 3003,Precinct 3003,Reject
1019,Precinct 3003,Precinct 3003,Approve
1020,Precinct 3003,Precinct 3003,Approve
1021,Precinct 3003,Precinct 3003,Approve
1022,Precinct 3003,Precinct 3003,Reject
1023,Precinct 3003,Precinct 3003,Reject
1024,Precinct 3003,Precinct 3003,Reject
1025,Precinct 3003,Precinct 3003,Approve
1026,Precinct 3003,Precinct 3003,Approve
1027,Precinct 3003,Precinct 3003,Approve
1028,Precinct 3003,Precinct 3003,Approve
1029,Precinct 3003,Precinct 3003,Reject
1030,Precinct 3003,Precinct 3003,Approve
1031,Precinct 3003,Precinct 3003,Reject
1032,Precinct 3003,Precinct 3003,Approve
1033,Precinct 3003,Precinct 3003,Approve
1034,Precinct 3003,Precinct 3003,Reject
1035,Precinct 3003,Precinct 3003,Reject
1036,Precinct 3003,Precinct 3003,Approve
1037,Precinct 3003,Precinct 3003,Approve
1038,Precinct 3003,Precinct 3003,Reject
1039,Precinct 3003,Precinct 3003,Approve
1040,Precinct 3003,Precinct 3003,Reject
1041,Precinct 3003,Precinct 3003,Approve
1042,Precinct 3003,Precinct 3003,Reject
1043,Precinct 3003,Precinct 3003,Reject
1044,Precinct 3003,Precinct 3003,Reject
1045,Precinct 3003,Precinct 3003,Reject
1046,Precinct 3003,Precinct 3003,Reject
1047,Precinct 3003,Precinct 3003,Approve
1048,Precinct 3003,Precinct 3003,Approve
1049,Precinct 3003,Precinct 3003,Approve
1050,Precinct 3003,Precinct 3003,Reject
1051,Precinct 3003,Precinct 3003,Reject
1052,Precinct 3002,Precinct 3002,Reject
1053,Precinct 3002,Precinct 3002,Approve
1054,Precinct 3002,Precinct 3002,Reject
1055,Precinct 3002,Precinct 3002,Approve
1056,Precinct 3002,Precinct 3002,Reject
1057,Precinct 3002,Precinct 3002,Approve
1058,Precinct 3002,Precinct 3002,Reject
1059,Precinct 3002,Precinct 3002,Reject
1060,Precinct 3002,Precinct 3002,Approve
1061,Precinct 3002,Precinct 3002,Approve
1062,Precinct 3002,Precinct 3002,Approve
1063,Precinct 3002,Precinct 3002,Reject
1064,Precinct 3002,Precinct 3002,Reject
1065,Precinct 3002,Precinct 3002,Reject
1066,Precinct 3002,Precinct 3002,Reject
1067,Precinct 3002,Precinct 3002,Reject
1068,Precinct 3002,Precinct 3002,Reject
1069,Precinct 3002,Precinct 3002,Approve
1070,Precinct 3002,Precinct 3002,Approve
1071,Precinct 3002,Precinct 3002,Approve
1072,Precinct 3002,Precinct 3002,Approve
1073,Precinct 3002,Precinct 3002,Reject
1074,Precinct 3002,Precinct 3002,Reject
1075,Precinct 3002,Precinct 3002,Approve
1076,Precinct 3002,Precinct 3002,Approve
1077,Precinct 3002,Precinct 3002,Approve
1078,Precinct 3002,Precinct 3002,Approve
1079,Precinct 3002,Precinct 3002,Approve
1080,Precinct 3002,Precinct 3002,Reject
1081,Precinct 3002,Precinct 3002,Reject
1082,Precinct 3002,Precinct 3002,Reject
1083,Precinct 3002,Precinct 3002,Reject
1084,Precinct 3002,Precinct 3002,Approve
1085,Precinct 3002,Precinct 3002,Approve
1086,Precinct 3002,Precinct 3002,Approve
1087,Precinct 3002,Precinct 3002,Reject
1088,Precinct 3002,Precinct 3002,Reject
1089,Precinct 3002,Precinct 3002,Approve
1090,Precinct 3002,Precinct 3002,Reject
1091,Precinct 3002,Precinct 3002,Approve
1092,Precinct 3002,Precinct 3002,Approve
1093,Precinct 3002,Precinct 3002,Approve
1094,Precinct 3002,Precinct 3002,Reject
1095,Precinct 3002,Precinct 3002,Approve
1096,Precinct 3002,Precinct 3002,Reject
1097,Precinct 3002,Precinct 3002,Approve
1098,Precinct 3002,Precinct 3002,Reject
1099,Precinct 3002,Precinct 3002,Reject
1100,Precinct 3002,Precinct 3002,Approve
1101,Precinct 3002,Precinct 3002,Reject
1102,Precinct 3002,Precinct 3002,Approve
1103,Precinct 3002,Precinct 3002,Approve
1104,Precinct 3002,Precinct 3002,Approve
1105,Precinct 3002,Precinct 3002,Approve
1106,Precinct 3002,Precinct 3002,Reject
1107,Precinct 3002,Precinct 3002,Reject
1108,Precinct 3002,Precinct 3002,Approve
1109,Precinct 3002,Precinct 3002,Approve
1110,Precinct 3002,Precinct 3002,Approve
1111,Precinct 3002,Precinct 3002,Reject
1112,Precinct 3002,Precinct 3002,Approve
1113,Precinct 3002,Precinct 3002,Approve
1114,Precinct 3002,Precinct 3002,Approve
1115,Precinct 3002,Precinct 3002,Approve
1116,Precinct 3002,Precinct 3002,Approve
1117,Precinct 3002,Precinct 3002,Approve
1118,Precinct 3002,Precinct 3002,Approve
1119,Precinct 3002,Precinct 3002,Approve
1120,Precinct 3002,Precinct 3002,Approve
1121,Precinct 3002,Precinct 3002,Approve
1122,Precinct 3002,Precinct 3002,Approve
1123,Precinct 3002,Precinct 3002,Approve
1124,Precinct 3002,Precinct 3002,Approve
1125,Precinct 3002,Precinct 3002,Approve
1126,Precinct 3002,Precinct 3002,Reject
1127,Precinct 3002,Precinct 3002,Approve
1128,Precinct 3002,Precinct 3002,Approve
1129,Precinct 3002,Precinct 3002,Reject
1130,Precinct 3002,Precinct 3002,Reject
1131,Precinct 3002,Precinct 3002,Approve
1132,Precinct 3002,Precinct 3002,Reject
1133,Precinct 3002,Precinct 3002,Approve
1134,Precinct 3002,Precinct 3002,Reject
1135,Precinct 3002,Precinct 3002,Reject
1136,Precinct 3002,Precinct 3002,Approve
1137,Precinct 3002,Precinct 3002,Approve
1138,Precinct 3002,Precinct 3002,Reject
1139,Precinct 3002,Precinct 3002,Approve
1140,Precinct 3002,Precinct 3002,Approve
1141,Precinct 3002,Precinct 3002,Approve
1142,Precinct 3002,Precinct 3002,Reject
1143,Precinct 3002,Precinct 3002,Approve
1144,Precinct 3002,Precinct 3002,Approve
1145,Precinct 3002,Precinct 3002,Approve
1146,Precinct 3002,Precinct 3002,Approve
1147,Precinct 3002,Precinct 3002,Approve
1148,Precinct 3002,Precinct 3002,Reject
1149,Precinct 3002,Precinct 3002,Approve
1150,Precinct 3002,Precinct 3002,Reject
1151,Precinct 3002,Precinct 3002,Approve
1152,Precinct 3002,Precinct 3002,Approve
1153,Precinct 3002,Precinct 3002,Approve
1154,Precinct 3002,Precinct 3002,Reject
1155,Precinct 3002,Precinct 3002,Approve
1156,Precinct 3002,Precinct 3002,Reject
1157,Precinct 3002,Precinct 3002,Approve
1158,Precinct 3002,Precinct 3002,Reject
1159,Precinct 3002,Precinct 3002,Reject
1160,Precinct 3002,Precinct 3002,Reject
1161,Precinct 3002,Precinct 3002,Approve
1162,Precinct 3002,Precinct 3002,Approve
1163,Precinct 3002,Precinct 3002,Approve
1164,Precinct 3002,Precinct 3002,Reject
1165,Precinct 3002,Precinct 3002,Approve
1166,Precinct 3002,Precinct 3002,Approve
1167,Precinct 3002,Precinct 3002,Approve
1168,Precinct 3002,Precinct 3002,Approve
1169,Precinct 3002,Precinct 3002,Approve
1170,Precinct 3002,Precinct 3002,Approve
1171,Precinct 3002,Precinct 3002,Approve
1172,Precinct 3002,Precinct 3002,Approve
1173,Precinct 3002,Precinct 3002,Reject
1174,Precinct 3002,Precinct 3002,Reject
1175,Precinct 3002,Precinct 3002,Approve
1176,Precinct 3002,Precinct 3002,Reject
1177,Precinct 3002,Precinct 3002,Reject
1178,Precinct 3002,Precinct 3002,Reject
1179,Precinct 3002,Precinct 3002,Reject
1180,Precinct 3002,Precinct 3002,Approve
1181,Precinct 3002,Precinct 3002,Approve
1182,Precinct 3002,Precinct 3002,Approve
1183,Precinct 3002,Precinct 3002,Reject
1184,Precinct 3002,Precinct 3002,Reject
1185,Precinct 3002,Precinct 3002,Approve
1186,Precinct 3002,Precinct 3002,Approve
1187,Precinct 3002,Precinct 3002,Approve
1188,Precinct 3002,Precinct 3002,Reject
1189,Precinct 3002,Precinct 3002,Reject
1190,Precinct 3002,Precinct 3002,Reject
1191,Precinct 3002,Precinct 3002,Reject
1192,Precinct 3002,Precinct 3002,Reject
1193,Precinct 3002,Precinct 3002,Approve
1194,Precinct 3002,Precinct 3002,Approve
1195,Precinct 3002,Precinct 3002,Approve
1196,Precinct 3002,Precinct 3002,Approve
1197,Precinct 3002,Precinct 3002,Reject
1198,Precinct 3002,Precinct 3002,Reject
1199,Precinct 3002,Precinct 3002,Reject
1200,Precinct 3002,Precinct 3002,Approve
1201,Precinct 3002,Precinct 3002,Reject
1202,Precinct 3002,Precinct 3002,Approve
1203,Precinct 3002,Precinct 3002,Approve
1204,Precinct 3002,Precinct 3002,Approve
1205,Precinct 3002,Precinct 3002,Approve
1206,Precinct 3002,Precinct 3002,Reject
1207,Precinct 3002,Precinct 3002,Approve
1208,Precinct 3002,Precinct 3002,Approve
1209,Precinct 3002,Precinct 3002,Reject
1210,Precinct 3002,Precinct 3002,Reject
1211,Precinct 3002,Precinct 3002,Reject
1212,Precinct 3002,Precinct 3002,Reject
1213,Precinct 3002,Precinct 3002,Approve
1214,Precinct 3002,Precinct 3002,Reject
1215,Precinct 3002,Precinct 3002,Reject
1216,Precinct 3002,Precinct 3002,Approve
1217,Precinct 3002,Precinct 3002,Approve
1218,Precinct 3002,Precinct 3002,Approve
1219,Precinct 3002,Precinct 3002,Approve
1220,Precinct 3002,Precinct 3002,Approve
1221,Precinct 3002,Precinct 3002,Reject
1222,Precinct 3002,Precinct 3002,Approve
1223,Precinct 3002,Precinct 3002,Reject
1224,Precinct 3002,Precinct 3002,Reject
1225,Precinct 3002,Precinct 3002,Approve
1226,Precinct 3002,Precinct 3002,Reject
1227,Precinct 3002,Precinct 3002,Reject
1228,Precinct 3002,Precinct 3002,Reject
1229,Precinct 3002,Precinct 3002,Reject
1230,Precinct 3002,Precinct 3002,Approve
1231,Precinct 3002,Precinct 3002,Approve
1232,Precinct 3002,Precinct 3002,Reject
1233,Precinct 3002,Precinct 3002,Reject
1234,Precinct 3002,Precinct 3002,Approve
1235,Precinct 3002,Precinct 3002,Reject
1236,Precinct 3002,Precinct 3002,Approve
1237,Precinct 3002,Precinct 3002,Reject
1238,Precinct 3002,Precinct 3002,Approve
1239,Precinct 3002,Precinct 3002,Approve
1240,Precinct 3002,Precinct 3002,Reject
1241,Precinct 3002,Precinct 3002,Approve
1242,Precinct 3002,Precinct 3002,Approve
1243,Precinct 3002,Precinct 3002,Reject
1244,Precinct 3002,Precinct 3002,Reject
1245,Precinct 3002,Precinct 3002,Approve
1246,Precinct 3002,Precinct 3002,Approve
1247,Precinct 3002,Precinct 3002,Reject
1248,Precinct 3002,Precinct 3002,Approve
1249,Precinct 3002,Precinct 3002,Reject
1250,Precinct 3002,Precinct 3002,Approve
1251,Precinct 3002,Precinct 3002,Approve
1252,Precinct 3002,Precinct 3002,Reject
1253,Precinct 3002,Precinct 3002,Reject
1254,Precinct 3002,Precinct 3002,Approve
1255,Precinct 3002,Precinct 3002,Approve
1256,Precinct 3002,Precinct 3002,Approve
1257,Precinct 3002,Precinct 3002,Approve
1258,Precinct 3002,Precinct 3002,Reject
1259,Precinct 3002,Precinct 3002,Approve
1260,Precinct 3002,Precinct 3002,Reject
1261,Precinct 3002,Precinct 3002,Reject
1262,Precinct 3002,Precinct 3002,Approve
1263,Precinct 3002,Precinct 3002,Approve
1264,Precinct 3002,Precinct 3002,Reject
1265,Precinct 3002,Precinct 3002,Reject
1266,Precinct 3002,Precinct 3002,Approve
1267,Precinct 3002,Precinct 3002,Reject
1268,Precinct 3002,Precinct 3002,Approve
1269,Precinct 3002,Precinct 3002,Approve
1270,Precinct 3002,Precinct 3002,Approve
1271,Precinct 3002,Precinct 3002,Approve
1272,Precinct 3002,Precinct 3002,Approve
1273,Precinct 3002,Precinct 3002,Approve
1274,Precinct 3002,Precinct 3002,Approve
1275,Precinct 3002,Precinct 3002,Reject
1276,Precinct 3002,Precinct 3002,Approve
1277,Precinct 3002,Precinct 3002,Approve
1278,Precinct 3002,Precinct 3002,Approve
1279,Precinct 3002,Precinct 3002,Reject
1280,Precinct 3002,Precinct 3002,Reject
1281,Precinct 3002,Precinct 3002,Approve
1282,Precinct 3002,Precinct 3002,Approve
1283,Precinct 3002,Precinct 3002,Reject
1284,Precinct 3002,Precinct 3002,Approve
1285,Precinct 3002,Precinct 3002,Approve
1286,Precinct 3002,Precinct 3002,Reject
1287,Precinct 3002,Precinct 3002,Reject
1288,Precinct 3002,Precinct 3002,Reject
1289,Precinct 3002,Precinct 3002,Approve
1290,Precinct 3002,Precinct 3002,Approve
1291,Precinct 3002,Precinct 3002,Approve
1292,Precinct 3002,Precinct 3002,Reject
1293,Precinct 3002,Precinct 3002,Approve
1294,Precinct 3002,Precinct 3002,Approve
1295,Precinct 3002,Precinct 3002,Approve
1296,Precinct 3002,Precinct 3002,Reject
1297,Precinct 3002,Precinct 3002,Approve
1298,Precinct 3002,Precinct 3002,Approve
1299,Precinct 3002,Precinct 3002,Approve
1300,Precinct 3002,Precinct 3002,Approve
1301,Precinct 3002,Precinct 3002,Approve
1302,Precinct 3002,Precinct 3002,Reject
1303,Precinct 3002,Precinct 3002,Approve
1304,Precinct 3002,Precinct 3002,Reject
1305,Precinct 3002,Precinct 3002,Approve
1306,Precinct 3002,Precinct 3002,Reject
1307,Precinct 3002,Precinct 3002,Approve
1308,Precinct 3002,Precinct 3002,Reject
1309,Precinct 3002,Precinct 3002,Reject
1310,Precinct 3002,Precinct 3002,Reject
1311,Precinct 3002,Precinct 3002,Approve
1312,Precinct 3002,Precinct 3002,Reject
1313,Precinct 3002,Precinct 3002,Reject
1314,Precinct 3002,Precinct 3002,Approve
1315,Precinct 3002,Precinct 3002,Reject
1316,Precinct 3002,Precinct 3002,Reject
1317,Precinct 3002,Precinct 3002,Approve
1318,Precinct 3002,Precinct 3002,Reject
1319,Precinct 3002,Precinct 3002,Reject
1320,Precinct 3002,Precinct 3002,Reject
1321,Precinct 3002,Precinct 3002,Approve
1322,Precinct 3002,Precinct 3002,Approve
1323,Precinct 3002,Precinct 3002,Approve
1324,Precinct 3002,Precinct 3002,Reject
1325,Precinct 3002,Precinct 3002,Approve
1326,Precinct 3002,Precinct 3002,Reject
1327,Precinct 3002,Precinct 3002,Approve
1328,Precinct 3002,Precinct 3002,Approve
1329,Precinct 3002,Precinct 3002,Approve
1330,Precinct 3002,Precinct 3002,Reject
1331,Precinct 3002,Precinct 3002,Approve
1332,Precinct 3002,Precinct 3002,Approve
1333,Precinct 3002,Precinct 3002,Approve
1334,Precinct 3002,Precinct 3002,Reject
1335,Precinct 3002,Precinct 3002,Reject
1336,Precinct 3002,Precinct 3002,Reject
1337,Precinct 3002,Precinct 3002,Reject
1338,Precinct 3002,Precinct 3002,Approve
1339,Precinct 3002,Precinct 3002,Approve
1340,Precinct 3002,Precinct 3002,Approve
1341,Precinct 3002,Precinct 3002,Reject
1342,Precinct 3002,Precinct 3002,Approve
1343,Precinct 3002,Precinct 3002,Reject
1344,Precinct 3002,Precinct 3002,Reject
1345,Precinct 3002,Precinct 3002,Reject
1346,Precinct 3002,Precinct 3002,Approve
1347,Precinct 3002,Precinct 3002,Approve
1348,Precinct 3002,Precinct 3002,Approve
1349,Precinct 3002,Precinct 3002,Approve
1350,Precinct 3002,Precinct 3002,Approve
1351,Precinct 3002,Precinct 3002,Reject
1352,Precinct 3002,Precinct 3002,Approve
1353,Precinct 3002,Precinct 3002,Reject
1354,Precinct 3002,Precinct 3002,Approve
1355,Precinct 3002,Precinct 3002,Approve
1356,Precinct 3002,Precinct 3002,Reject
1357,Precinct 3002,Precinct 3002,Approve
1358,Precinct 3002,Precinct 3002,Approve
1359,Precinct 3002,Precinct 3002,Approve
1360,Precinct 3002,Precinct 3002,Approve
1361,Precinct 3002,Precinct 3002,Reject
1362,Precinct 3002,Precinct 3002,Reject
1363,Precinct 3002,Precinct 3002,Approve
1364,Precinct 3002,Precinct 3002,Reject
1365,Precinct 3002,Precinct 3002,Reject
1366,Precinct 3002,Precinct 3002,Approve
1367,Precinct 3002,Precinct 3002,Reject
1368,Precinct 3002,Precinct 3002,Approve
1369,Precinct 3002,Precinct 3002,Approve
1370,Precinct 3002,Precinct 3002,Reject
1371,Precinct 3002,Precinct 3002,Approve
1372,Precinct 3002,Precinct 3002,Approve
1373,Precinct 3002,Precinct 3002,Approve
1374,Precinct 3002,Precinct 3002,Reject
1375,Precinct 3002,Precinct 3002,Approve
1376,Precinct 3002,Precinct 3002,Reject
1377,Precinct 3002,Precinct 3002,Approve
1378,Precinct 3002,Precinct 3002,Reject
1379,Precinct 3002,Precinct 3002,Approve
1380,Precinct 3002,Precinct 3002,Reject
1381,Precinct 3002,Precinct 3002,Reject
1382,Precinct 3002,Precinct 3002,Approve
1383,Precinct 3002,Precinct 3002,Approve
1384,Precinct 3002,Precinct 3002,Reject
1385,Precinct 3002,Precinct 3002,Reject
1386,Precinct 3002,Precinct 3002,Approve
1387,Precinct 3002,Precinct 3002,Reject
1388,Precinct 3002,Precinct 3002,Approve
1389,Precinct 3002,Precinct 3002,Reject
1390,Precinct 3002,Precinct 3002,Approve
1391,Precinct 3002,Precinct 3002,Approve
1392,Precinct 3002,Precinct 3002,Reject
1393,Precinct 3002,Precinct 3002,Approve
1394,Precinct 3002,Precinct 3002,Reject
1395,Precinct 3002,Precinct 3002,Approve
1396,Precinct 3002,Precinct 3002,Approve
1397,Precinct 3002,Precinct 3002,Approve
1398,Precinct 3002,Precinct 3002,Approve
1399,Precinct 3002,Precinct 3002,Approve
1400,Precinct 3002,Precinct 3002,Approve
1401,Precinct 3002,Precinct 3002,Approve
1402,Precinct 3002,Precinct 3002,Reject
1403,Precinct 3002,Precinct 3002,Approve
1404,Precinct 3002,Precinct 3002,Approve
1405,Precinct 3002,Precinct 3002,Approve
1406,Precinct 3002,Precinct 3002,Reject
1407,Precinct 3002,Precinct 3002,Approve
1408,Precinct 3002,Precinct 3002,Approve
1409,Precinct 3002,Precinct 3002,Reject
1410,Precinct 3002,Precinct 3002,Approve
1411,Precinct 3002,Precinct 3002,Reject
1412,Precinct 3002,Precinct 3002,Reject
1413,Precinct 3002,Precinct 3002,Approve
1414,Precinct 3002,Precinct 3002,Approve
1415,Precinct 3002,Precinct 3002,Reject
1416,Precinct 3002,Precinct 3002,Approve
1417,Precinct 3002,Precinct 3002,Approve
1418,Precinct 3002,Precinct 3002,Reject
1419,Precinct 3002,Precinct 3002,Approve
1420,Precinct 3002,Precinct 3002,Reject
1421,Precinct 3002,Precinct 3002,Approve
1422,Precinct 3002,Precinct 3002,Reject
1423,Precinct 3002,Precinct 3002,Reject
1424,Precinct 3002,Precinct 3002,Approve
1425,Precinct 3002,Precinct 3002,Reject
1426,Precinct 3002,Precinct 3002,Approve
1427,Precinct 3002,Precinct 3002,Reject
1428,Precinct 3002,Precinct 3002,Approve
1429,Precinct 3002,Precinct 3002,Approve
1430,Precinct 3002,Precinct 3002,Approve
1431,Precinct 3002,Precinct 3002,Reject
1432,Precinct 3002,Precinct 3002,Reject
1433,Precinct 3002,Precinct 3002,Approve
1434,Precinct 3002,Precinct 3002,Reject
1435,Precinct 3002,Precinct 3002,Reject
1436,Precinct 3002,Precinct 3002,Approve
1437,Precinct 3002,Precinct 3002,Approve
1438,Precinct 3002,Precinct 3002,Approve
1439,Precinct 3002,Precinct 3002,Approve
1440,Precinct 3002,Precinct 3002,Reject
1441,Precinct 3002,Precinct 3002,Approve
1442,Precinct 3002,Precinct 3002,Approve
1443,Precinct 3002,Precinct 3002,Approve
1444,Precinct 3002,Precinct 3002,Reject
1445,Precinct 3002,Precinct 3002,Reject
1446,Precinct 3002,Precinct 3002,Reject
1447,Precinct 3002,Precinct 3002,Reject
1448,Precinct 3002,Precinct 3002,Approve
1449,Precinct 3002,Precinct 3002,Approve
1450,Precinct 3002,Precinct 3002,Reject
1451,Precinct 3002,Precinct 3002,Reject
1452,Precinct 3002,Precinct 3002,Reject
1453,Precinct 3002,Precinct 3002,Approve
1454,Precinct 3002,Precinct 3002,Approve
1455,Precinct 3002,Precinct 3002,Approve
1456,Precinct 3002,Precinct 3002,Reject
1457,Precinct 3002,Precinct 3002,Reject
1458,Precinct 3002,Precinct 3002,Approve
1459,Precinct 3002,Precinct 3002,Approve
1460,Precinct 3002,Precinct 3002,Approve
1461,Precinct 3002,Precinct 3002,Approve
1462,Precinct 3002,Precinct 3002,Approve
1463,Precinct 3002,Precinct 3002,Reject
1464,Precinct 3002,Precinct 3002,Reject
1465,Precinct 3002,Precinct 3002,Reject
1466,Precinct 3002,Precinct 3002,Approve
1467,Precinct 3002,Precinct 3002,Reject
1468,Precinct 3002,Precinct 3002,Approve
1469,Precinct 3002,Precinct 3002,Approve
1470,Precinct 3002,Precinct 3002,Reject
1471,Precinct 3002,Precinct 3002,Reject
1472,Precinct 3002,Precinct 3002,Approve
1473,Precinct 3002,Precinct 3002,Reject
1474,Precinct 3002,Precinct 3002,Approve
1475,Precinct 3002,Precinct 3002,Approve
1476,Precinct 3002,Precinct 3002,Approve
1477,Precinct 3002,Precinct 3002,Reject
1478,Precinct 3002,Precinct 3002,Approve
1479,Precinct 3002,Precinct 3002,Approve
1480,Precinct 3002,Precinct 3002,Reject
1481,Precinct 3002,Precinct 3002,Reject
1482,Precinct 3002,Precinct 3002,Reject
1483,Precinct 3002,Precinct 3002,Reject
1484,Precinct 3002,Precinct 3002,Approve
1485,Precinct 3002,Precinct 3002,Approve
1486,Precinct 3002,Precinct 3002,Approve
1487,Precinct 3002,Precinct 3002,Approve
1488,Precinct 3002,Precinct 3002,Reject
1489,Precinct 3002,Precinct 3002,Approve
1490,Precinct 3002,Precinct 3002,Reject
1491,Precinct 3002,Precinct 3002,Approve
1492,Precinct 3002,Precinct 3002,Approve
1493,Precinct 3002,Precinct 3002,Approve
1494,Precinct 3002,Precinct 3002,Approve
1495,Precinct 3002,Precinct 3002,Approve
1496,Precinct 3002,Precinct 3002,Approve
1497,Precinct 3002,Precinct 3002,Reject
1498,Precinct 3002,Precinct 3002,Reject
1499,Precinct 3002,Precinct 3002,Approve
1500,Precinct 3002,Precinct 3002,Reject
1501,Precinct 3002,Precinct 3002,Reject
1502,Precinct 3002,Precinct 3002,Reject
1503,Precinct 3002,Precinct 3002,Reject
1504,Precinct 3002,Precinct 3002,Approve
1505,Precinct 3002,Precinct 3002,Reject
1506,Precinct 3002,Precinct 3002,Approve
1507,Precinct 3002,Precinct 3002,Approve
1508,Precinct 3002,Precinct 3002,Approve
1509,Precinct 3002,Precinct 3002,Approve
1510,Precinct 3002,Precinct 3002,Reject
1511,Precinct 3002,Precinct 3002,Approve
1512,Precinct 3002,Precinct 3002,Approve
1513,Precinct 3002,Precinct 3002,Approve
1514,Precinct 3002,Precinct 3002,Approve
1515,Precinct 3002,Precinct 3002,Reject
1516,Precinct 3002,Precinct 3002,Approve
1517,Precinct 3002,Precinct 3002,Reject
1518,Precinct 3002,Precinct 3002,Reject
1519,Precinct 3002,Precinct 3002,Reject
1520,Precinct 3002,Precinct 3002,Reject
1521,Precinct 3002,Precinct 3002,Approve
1522,Precinct 3002,Precinct 3002,Approve
1523,Precinct 3002,Precinct 3002,Approve
1524,Precinct 3002,Precinct 3002,Approve
1525,Precinct 3002,Precinct 3002,Approve
1526,Precinct 3002,Precinct 3002,Approve
1527,Precinct 3002,Precinct 3002,Approve
1528,Precinct 3002,Precinct 3002,Approve
1529,Precinct 3002,Precinct 3002,Reject
1530,Precinct 3002,Precinct 3002,Approve
1531,Precinct 3002,Precinct 3002,Reject
1532,Precinct 3002,Precinct 3002,Approve
1533,Precinct 3002,Precinct 3002,Reject
1534,Precinct 3002,Precinct 3002,Approve
1535,Precinct 3002,Precinct 3002,Approve
1536,Precinct 3002,Precinct 3002,Reject
1537,Precinct 3002,Precinct 3002,Approve
1538,Precinct 3002,Precinct 3002,Reject
1539,Precinct 3002,Precinct 3002,Approve
1540,Precinct 3002,Precinct 3002,Approve
1541,Precinct 3002,Precinct 3002,Reject
1542,Precinct 3002,Precinct 3002,Approve
1543,Precinct 3002,Precinct 3002,Approve
1544,Precinct 3002,Precinct 3002,Approve
1545,Precinct 3002,Precinct 3002,Reject
1546,Precinct 3002,Precinct 3002,Reject
1547,Precinct 3002,Precinct 3002,Approve
1548,Precinct 3002,Precinct 3002,Approve
1549,Precinct 3002,Precinct 3002,Approve
1550,Precinct 3002,Precinct 3002,Reject
1551,Precinct 3002,Precinct 3002,Approve
1552,Precinct 3002,Precinct 3002,Approve
1553,Precinct 3002,Precinct 3002,Approve
1554,Precinct 3002,Precinct 3002,Reject
1555,Precinct 3002,Precinct 3002,Approve
1556,Precinct 3002,Precinct 3002,Reject
1557,Precinct 3002,Precinct 3002,Approve
1558,Precinct 3002,Precinct 3002,Reject
1559,Precinct 3002,Precinct 3002,Approve
1560,Precinct 3002,Precinct 3002,Reject
1561,Precinct 3002,Precinct 3002,Reject
1562,Precinct 3002,Precinct 3002,Reject
1563,Precinct 3002,Precinct 3002,Approve
1564,Precinct 3002,Precinct 3002,Approve
1565,Precinct 3002,Precinct 3002,Approve
1566,Precinct 3002,Precinct 3002,Approve
1567,Precinct 3002,Precinct 3002,Reject
1568,Precinct 3002,Precinct 3002,Approve
1569,Precinct 3002,Precinct 3002,Reject
1570,Precinct 3002,Precinct 3002,Approve
1571,Precinct 3002,Precinct 3002,Approve
1572,Precinct 3002,Precinct 3002,Reject
1573,Precinct 3002,Precinct 3002,Reject
1574,Precinct 3002,Precinct 3002,Approve
1575,Precinct 3002,Precinct 3002,Approve
1576,Precinct 3002,Precinct 3002,Approve
1577,Precinct 3002,Precinct 3002,Approve
1578,Precinct 3002,Precinct 3002,Approve
1579,Precinct 3002,Precinct 3002,Approve
1580,Precinct 3002,Precinct 3002,Approve
1581,Precinct 3002,Precinct 3002,Approve
1582,Precinct 3002,Precinct 3002,Approve
1583,Precinct 3002,Precinct 3002,Reject
1584,Precinct 3002,Precinct 3002,Reject
1585,Precinct 3002,Precinct 3002,Approve
1586,Precinct 3002,Precinct 3002,Approve
1587,Precinct 3002,Precinct 3002,Reject
1588,Precinct 3002,Precinct 3002,Approve
1589,Precinct 3002,Precinct 3002,Approve
1590,Precinct 3002,Precinct 3002,Approve
1591,Precinct 3002,Precinct 3002,Reject
1592,Precinct 3002,Precinct 3002,Reject
1593,Precinct 3002,Precinct 3002,Approve
1594,Precinct 3002,Precinct 3002,Approve
1595,Precinct 3002,Precinct 3002,Approve
1596,Precinct 3002,Precinct 3002,Approve
1597,Precinct 3002,Precinct 3002,Approve
1598,Precinct 3002,Precinct 3002,Reject
1599,Precinct 3002,Precinct 3002,Approve
1600,Precinct 3002,Precinct 3002,Approve
1601,Precinct 3002,Precinct 3002,Approve
1602,Precinct 3002,Precinct 3002,Approve
1603,Precinct 3002,Precinct 3002,Approve
1604,Precinct 3002,Precinct 3002,Approve
1605,Precinct 3002,Precinct 3002,Approve
1606,Precinct 3002,Precinct 3002,Approve
1607,Precinct 3002,Precinct 3002,Approve
1608,Precinct 3002,Precinct 3002,Reject
1609,Precinct 3002,Precinct 3002,Approve
1610,Precinct 3002,Precinct 3002,Approve
1611,Precinct 3002,Precinct 3002,Reject
1612,Precinct 3002,Precinct 3002,Approve
1613,Precinct 3002,Precinct 3002,Approve
1614,Precinct 3002,Precinct 3002,Approve
1615,Precinct 3002,Precinct 3002,Reject
1616,Precinct 3002,Precinct 3002,Approve
1617,Precinct 3002,Precinct 3002,Reject
1618,Precinct 3002,Precinct 3002,Approve
1619,Precinct 3002,Precinct 3002,Approve
1620,Precinct 3002,Precinct 3002,Approve
1621,Precinct 3002,Precinct 3002,Reject
1622,Precinct 3002,Precinct 3002,Reject
1623,Precinct 3002,Precinct 3002,Approve
1624,Precinct 3002,Precinct 3002,Approve
1625,Precinct 3002,Precinct 3002,Reject
1626,Precinct 3002,Precinct 3002,Reject
1627,Precinct 3002,Precinct 3002,Approve
1628,Precinct 3002,Precinct 3002,Approve
1629,Precinct 3002,Precinct 3002,Approve
1630,Precinct 3002,Precinct 3002,Approve
1631,Precinct 3002,Precinct 3002,Approve
1632,Precinct 3002,Precinct 3002,Reject
1633,Precinct 3002,Precinct 3002,Approve
1634,Precinct 3002,Precinct 3002,Reject
1635,Precinct 3002,Precinct 3002,Reject
1636,Precinct 3002,Precinct 3002,Reject
1637,Precinct 3002,Precinct 3002,Reject
1638,Precinct 3002,Precinct 3002,Approve
1639,Precinct 3002,Precinct 3002,Reject
1640,Precinct 3002,Precinct 3002,Reject
1641,Precinct 3002,Precinct 3002,Approve
1642,Precinct 3002,Precinct 3002,Approve
1643,Precinct 3002,Precinct 3002,Approve
1644,Precinct 3001,Precinct 3001,Reject
1645,Precinct 3001,Precinct 3001,Reject
1646,Precinct 3001,Precinct 3001,Reject
1647,Precinct 3001,Precinct 3001,Reject
1648,Precinct 3001,Precinct 3001,Reject
1649,Precinct 3001,Precinct 3001,Approve
1650,Precinct 3001,Precinct 3001,Approve
1651,Precinct 3001,Precinct 3001,Approve
1652,Precinct 3001,Precinct 3001,Approve
1653,Precinct 3001,Precinct 3001,Reject
1654,Precinct 3001,Precinct 3001,Approve
1655,Precinct 3001,Precinct 3001,Reject
1656,Precinct 3001,Precinct 3001,Reject
1657,Precinct 3001,Precinct 3001,Approve
1658,Precinct 3001,Precinct 3001,Reject
1659,Precinct 3001,Precinct 3001,Approve
1660,Precinct 3001,Precinct 3001,Approve
1661,Precinct 3001,Precinct 3001,Reject
1662,Precinct 3001,Precinct 3001,Reject
1663,Precinct 3001,Precinct 3001,Reject
1664,Precinct 3001,Precinct 3001,Reject
1665,Precinct 3001,Precinct 3001,Approve
1666,Precinct 3001,Precinct 3001,Approve
1667,Precinct 3001,Precinct 3001,Reject
1668,Precinct 3001,Precinct 3001,Reject
1669,Precinct 3001,Precinct 3001,Approve
1670,Precinct 3001,Precinct 3001,Reject
1671,Precinct 3001,Precinct 3001,Reject
1672,Precinct 3001,Precinct 3001,Reject
1673,Precinct 3001,Precinct 3001,Reject
1674,Precinct 3001,Precinct 3001,Reject
1675,Precinct 3001,Precinct 3001,Reject
1676,Precinct 3001,Precinct 3001,Approve
1677,Precinct 3001,Precinct 3001,Reject
1678,Precinct 3001,Precinct 3001,Approve
1679,Precinct 3001,Precinct 3001,Reject
1680,Precinct 3001,Precinct 3001,Approve
1681,Precinct 3001,Precinct 3001,Approve
1682,Precinct 3001,Precinct 3001,Approve
1683,Precinct 3001,Precinct 3001,Approve
1684,Precinct 3001,Precinct 3001,Approve
1685,Precinct 3001,Precinct 3001,Reject
1686,Precinct 3001,Precinct 3001,Reject
1687,Precinct 3001,Precinct 3001,Approve
1688,Precinct 3001,Precinct 3001,Reject
1689,Precinct 3001,Precinct 3001,Reject
1690,Precinct 3001,Precinct 3001,Reject
1691,Precinct 3001,Precinct 3001,Reject
1692,Precinct 3001,Precinct 3001,Reject
1693,Precinct 3001,Precinct 3001,Approve
1694,Precinct 3001,Precinct 3001,Reject
1695,Precinct 3001,Precinct 3001,Reject
1696,Precinct 3001,Precinct 3001,Approve
1697,Precinct 3001,Precinct 3001,Reject
1698,Precinct 3001,Precinct 3001,Approve
1699,Precinct 3001,Precinct 3001,Reject
1700,Precinct 3001,Precinct 3001,Approve
1701,Precinct 3001,Precinct 3001,Reject
1702,Precinct 3001,Precinct 3001,Approve
1703,Precinct 3001,Precinct 3001,Approve
1704,Precinct 3001,Precinct 3001,Approve
1705,Precinct 3001,Precinct 3001,Approve
1706,Precinct 3001,Precinct 3001,Approve
1707,Precinct 3001,Precinct 3001,Reject
1708,Precinct 3001,Precinct 3001,Reject
1709,Precinct 3001,Precinct 3001,Reject
1710,Precinct 3001,Precinct 3001,Approve
1711,Precinct 3001,Precinct 3001,Approve
1712,Precinct 3001,Precinct 3001,Approve
1713,Precinct 3001,Precinct 3001,Reject
1714,Precinct 3001,Precinct 3001,Reject
1715,Precinct 3001,Precinct 3001,Reject
1716,Precinct 3001,Precinct 3001,Reject
1717,Precinct 3001,Precinct 3001,Approve
1718,Precinct 3001,Precinct 3001,Approve
1719,Precinct 3001,Precinct 3001,Approve
1720,Precinct 3001,Precinct 3001,Reject
1721,Precinct 3001,Precinct 3001,Approve
1722,Precinct 3001,Precinct 3001,Approve
1723,Precinct 3001,Precinct 3001,Reject
1724,Precinct 3001,Precinct 3001,Reject
1725,Precinct 3001,Precinct 3001,Approve
1726,Precinct 3001,Precinct 3001,Approve
1727,Precinct 3001,Precinct 3001,Reject
1728,Precinct 3001,Precinct 3001,Approve
1729,Precinct 3001,Precinct 3001,Reject
1730,Precinct 3001,Precinct 3001,Reject
1731,Precinct 3001,Precinct 3001,Reject
1732,Precinct 3001,Precinct 3001,Approve
1733,Precinct 3001,Precinct 3001,Approve
1734,Precinct 3001,Precinct 3001,Reject
1735,Precinct 3001,Precinct 3001,Reject
1736,Precinct 3001,Precinct 3001,Approve
1737,Precinct 3001,Precinct 3001,Reject
1738,Precinct 3001,Precinct 3001,Reject
1739,Precinct 3001,Precinct 3001,Approve
1740,Precinct 3001,Precinct 3001,Reject
1741,Precinct 3001,Precinct 3001,Reject
1742,Precinct 3001,Precinct 3001,Reject
1743,Precinct 3001,Precinct 3001,Reject
1744,Precinct 3001,Precinct 3001,Approve
1745,Precinct 3001,Precinct 3001,Approve
1746,Precinct 3001,Precinct 3001,Reject
1747,Precinct 3001,Precinct 3001,Reject
1748,Precinct 3001,Precinct 3001,Approve
1749,Precinct 3001,Precinct 3001,Approve
1750,Precinct 3001,Precinct 3001,Approve
1751,Precinct 3001,Precinct 3001,Reject
1752,Precinct 3001,Precinct 3001,Approve
1753,Precinct 3001,Precinct 3001,Reject
1754,Precinct 3001,Precinct 3001,Reject
1755,Precinct 3001,Precinct 3001,Approve
1756,Precinct 3001,Precinct 3001,Approve
1757,Precinct 3001,Precinct 3001,Approve
1758,Precinct 3001,Precinct 3001,Approve
1759,Precinct 3001,Precinct 3001,Approve
1760,Precinct 3001,Precinct 3001,Reject
1761,Precinct 3001,Precinct 3001,Reject
1762,Precinct 3001,Precinct 3001,Reject
1763,Precinct 3001,Precinct 3001,Reject
1764,Precinct 3001,Precinct 3001,Reject
1765,Precinct 3001,Precinct 3001,Reject
1766,Precinct 3001,Precinct 3001,Reject
1767,Precinct 3001,Precinct 3001,Reject
1768,Precinct 3001,Precinct 3001,Approve
1769,Precinct 3001,Precinct 3001,Reject
1770,Precinct 3001,Precinct 3001,Reject
1771,Precinct 3001,Precinct 3001,Approve
1772,Precinct 3001,Precinct 3001,Reject
1773,Precinct 3001,Precinct 3001,Reject
1774,Precinct 3001,Precinct 3001,Reject
1775,Precinct 3001,Precinct 3001,Reject
1776,Precinct 3001,Precinct 3001,Reject
1777,Precinct 3001,Precinct 3001,Approve
1778,Precinct 3001,Precinct 3001,Reject
1779,Precinct 3001,Precinct 3001,Approve
1780,Precinct 3001,Precinct 3001,Approve
1781,Precinct 3001,Precinct 3001,Reject
1782,Precinct 3001,Precinct 3001,Approve
1783,Precinct 3001,Precinct 3001,Approve
1784,Precinct 3001,Precinct 3001,Reject
1785,Precinct 3001,Precinct 3001,Reject
1786,Precinct 3001,Precinct 3001,Reject
1787,Precinct 3001,Precinct 3001,Approve
1788,Precinct 3001,Precinct 3001,Approve
1789,Precinct 3001,Precinct 3001,Approve
1790,Precinct 3001,Precinct 3001,Approve
1791,Precinct 3001,Precinct 3001,Reject
1792,Precinct 3001,Precinct 3001,Reject
1793,Precinct 3001,Precinct 3001,Reject
1794,Precinct 3001,Precinct 3001,Reject
1795,Precinct 3001,Precinct 3001,Approve
1796,Precinct 3001,Precinct 3001,Approve
1797,Precinct 3001,Precinct 3001,Reject
1798,Precinct 3001,Precinct 3001,Reject
1799,Precinct 3001,Precinct 3001,Approve
1800,Precinct 3001,Precinct 3001,Reject
1801,Precinct 3001,Precinct 3001,Reject
1802,Precinct 3001,Precinct 3001,Approve
1803,Precinct 3001,Precinct 3001,Reject
1804,Precinct 3001,Precinct 3001,Approve
1805,Precinct 3001,Precinct 3001,Reject
1806,Precinct 3001,Precinct 3001,Approve
1807,Precinct 3001,Precinct 3001,Reject
1808,Precinct 3001,Precinct 3001,Approve
1809,Precinct 3001,Precinct 3001,Approve
1810,Precinct 3001,Precinct 3001,Reject
1811,Precinct 3001,Precinct 3001,Reject
1812,Precinct 3001,Precinct 3001,Reject
1813,Precinct 3001,Precinct 3001,Approve
1814,Precinct 3001,Precinct 3001,Reject
1815,Precinct 3001,Precinct 3001,Reject
1816,Precinct 3001,Precinct 3001,Approve
1817,Precinct 3001,Precinct 3001,Reject
1818,Precinct 3001,Precinct 3001,Reject
1819,Precinct 3001,Precinct 3001,Approve
1820,Precinct 3001,Precinct 3001,Approve
1821,Precinct 3001,Precinct 3001,Approve
1822,Precinct 3001,Precinct 3001,Reject
1823,Precinct 3001,Precinct 3001,Reject
1824,Precinct 3001,Precinct 3001,Approve
1825,Precinct 3001,Precinct 3001,Reject
1826,Precinct 3001,Precinct 3001,Approve
1827,Precinct 3001,Precinct 3001,Reject
1828,Precinct 3001,Precinct 3001,Reject
1829,Precinct 3001,Precinct 3001,Reject
1830,Precinct 3001,Precinct 3001,Reject
1831,Precinct 3001,Precinct 3001,Approve
1832,Precinct 3001,Precinct 3001,Reject
1833,Precinct 3001,Precinct 3001,Reject
1834,Precinct 3001,Precinct 3001,Approve
1835,Precinct 3001,Precinct 3001,Reject
1836,Precinct 3001,Precinct 3001,Reject
1837,Precinct 3001,Precinct 3001,Reject
1838,Precinct 3001,Precinct 3001,Reject
1839,Precinct 3001,Precinct 3001,Approve
1840,Precinct 3001,Precinct 3001,Reject
1841,Precinct 3001,Precinct 3001,Approve
1842,Precinct 3001,Precinct 3001,Approve
1843,Precinct 3001,Precinct 3001,Reject
1844,Precinct 3001,Precinct 3001,Reject
1845,Precinct 3001,Precinct 3001,Approve
1846,Precinct 3001,Precinct 3001,Reject
1847,Precinct 3001,Precinct 3001,Reject
1848,Precinct 3001,Precinct 3001,Reject
1849,Precinct 3001,Precinct 3001,Approve
1850,Precinct 3001,Precinct 3001,Approve
1851,Precinct 3001,Precinct 3001,Approve
1852,Precinct 3001,Precinct 3001,Reject
1853,Precinct 3001,Precinct 3001,Approve
1854,Precinct 3001,Precinct 3001,Approve
1855,Precinct 3001,Precinct 3001,Reject
1856,Precinct 3001,Precinct 3001,Approve
1857,Precinct 3001,Precinct 3001,Reject
1858,Precinct 3001,Precinct 3001,Approve
1859,Precinct 3001,Precinct 3001,Reject
1860,Precinct 3001,Precinct 3001,Reject
1861,Precinct 3001,Precinct 3001,Reject
1862,Precinct 3001,Precinct 3001,Approve
1863,Precinct 3001,Precinct 3001,Approve
1864,Precinct 3001,Precinct 3001,Reject
1865,Precinct 3001,Precinct 3001,Reject
1866,Precinct 3001,Precinct 3001,Reject
1867,Precinct 3001,Precinct 3001,Reject
1868,Precinct 3001,Precinct 3001,Approve
1869,Precinct 3001,Precinct 3001,Approve
1870,Precinct 3001,Precinct 3001,Reject
1871,Precinct 3001,Precinct 3001,Reject
1872,Precinct 3001,Precinct 3001,Approve
1873,Precinct 3001,Precinct 3001,Reject
1874,Precinct 3001,Precinct 3001,Approve
1875,Precinct 3001,Precinct 3001,Approve
1876,Precinct 3001,Precinct 3001,Reject
1877,Precinct 3001,Precinct 3001,Approve
1878,Precinct 3001,Precinct 3001,Approve
1879,Precinct 3001,Precinct 3001,Reject
1880,Precinct 3001,Precinct 3001,Approve
1881,Precinct 3001,Precinct 3001,Reject
1882,Precinct 3001,Precinct 3001,Reject
1883,Precinct 3001,Precinct 3001,Approve
1884,Precinct 3001,Precinct 3001,Reject
1885,Precinct 3001,Precinct 3001,Reject
1886,Precinct 3001,Precinct 3001,Approve
1887,Precinct 3001,Precinct 3001,Reject
1888,Precinct 3001,Precinct 3001,Approve
1889,Precinct 3001,Precinct 3001,Reject
1890,Precinct 3001,Precinct 3001,Reject
1891,Precinct 3001,Precinct 3001,Reject
1892,Precinct 3001,Precinct 3001,Reject
1893,Precinct 3001,Precinct 3001,Approve
1894,Precinct 3001,Precinct 3001,Approve
1895,Precinct 3001,Precinct 3001,Reject
1896,Precinct 3001,Precinct 3001,Reject
1897,Precinct 3001,Precinct 3001,Reject
1898,Precinct 3001,Precinct 3001,Approve
1899,Precinct 3001,Precinct 3001,Approve
1900,Precinct 3001,Precinct 3001,Approve
1901,Precinct 3001,Precinct 3001,Approve
1902,Precinct 3001,Precinct 3001,Approve
1903,Precinct 3001,Precinct 3001,Approve
1904,Precinct 3001,Precinct 3001,Reject
1905,Precinct 3001,Precinct 3001,Approve
1906,Precinct 3001,Precinct 3001,Reject
1907,Precinct 3001,Precinct 3001,Reject
1908,Precinct 3001,Precinct 3001,Reject
1909,Precinct 3001,Precinct 3001,Approve
1910,Precinct 3001,Precinct 3001,Approve
1911,Precinct 3001,Precinct 3001,Approve
1912,Precinct 3001,Precinct 3001,Reject
1913,Precinct 3001,Precinct 3001,Reject
1914,Precinct 3001,Precinct 3001,Reject
1915,Precinct 3001,Precinct 3001,Reject
1916,Precinct 3001,Precinct 3001,Approve
1917,Precinct 3001,Precinct 3001,Reject
1918,Precinct 3001,Precinct 3001,Reject
1919,Precinct 3001,Precinct 3001,Reject
1920,Precinct 3001,Precinct 3001,Approve
1921,Precinct 3001,Precinct 3001,Reject
1922,Precinct 3001,Precinct 3001,Reject
1923,Precinct 3001,Precinct 3001,Reject
1924,Precinct 3001,Precinct 3001,Reject
1925,Precinct 3001,Precinct 3001,Reject
1926,Precinct 3001,Precinct 3001,Reject
1927,Precinct 3001,Precinct 3001,Reject
1928,Precinct 3001,Precinct 3001,Reject
1929,Precinct 3001,Precinct 3001,Reject
1930,Precinct 3001,Precinct 3001,Reject
1931,Precinct 3001,Precinct 3001,Reject
1932,Precinct 3001,Precinct 3001,Reject
1933,Precinct 3001,Precinct 3001,Reject
1934,Precinct 3001,Precinct 3001,Reject
1935,Precinct 3001,Precinct 3001,Approve
1936,Precinct 3001,Precinct 3001,Reject
1937,Precinct 3001,Precinct 3001,Approve
1938,Precinct 3001,Precinct 3001,Reject
1939,Precinct 3001,Precinct 3001,Reject
1940,Precinct 3001,Precinct 3001,Approve
1941,Precinct 3001,Precinct 3001,Approve
1942,Precinct 3001,Precinct 3001,Reject
1943,Precinct 3001,Precinct 3001,Reject
1944,Precinct 3001,Precinct 3001,Reject
1945,Precinct 3001,Precinct 3001,Approve
1946,Precinct 3001,Precinct 3001,Approve
1947,Precinct 3001,Precinct 3001,Approve
1948,Precinct 3001,Precinct 3001,Reject
1949,Precinct 3001,Precinct 3001,Reject
1950,Precinct 3001,Precinct 3001,Approve
1951,Precinct 3001,Precinct 3001,Reject
1952,Precinct 3001,Precinct 3001,Reject
1953,Precinct 3001,Precinct 3001,Reject
1954,Precinct 3001,Precinct 3001,Approve
1955,Precinct 3001,Precinct 3001,Reject
1956,Precinct 3001,Precinct 3001,Approve
1957,Precinct 3001,Precinct 3001,Reject
1958,Precinct 3001,Precinct 3001,Reject
1959,Precinct 3001,Precinct 3001,Reject
1960,Precinct 3001,Precinct 3001,Approve
1961,Precinct 3001,Precinct 3001,Reject
1962,Precinct 3001,Precinct 3001,Approve
1963,Precinct 3001,Precinct 3001,Reject
1964,Precinct 3001,Precinct 3001,Approve
1965,Precinct 3001,Precinct 3001,Approve
1966,Precinct 3001,Precinct 3001,Reject
1967,Precinct 3001,Precinct 3001,Reject
1968,Precinct 3001,Precinct 3001,Approve
1969,Precinct 3001,Precinct 3001,Reject
1970,Precinct 3001,Precinct 3001,Reject
1971,Precinct 3001,Precinct 3001,Reject
1972,Precinct 3001,Precinct 3001,Reject
1973,Precinct 3001,Precinct 3001,Reject
1974,Precinct 3001,Precinct 3001,Approve
1975,Precinct 3001,Precinct 3001,Reject
1976,Precinct 3001,Precinct 3001,Reject
1977,Precinct 3001,Precinct 3001,Reject
1978,Precinct 3001,Precinct 3001,Approve
1979,Precinct 3001,Precinct 3001,Approve
1980,Precinct 3001,Precinct 3001,Approve
1981,Precinct 3001,Precinct 3001,Approve
1982,Precinct 3001,Precinct 3001,Reject
1983,Precinct 3001,Precinct 3001,Approve
1984,Precinct 3001,Precinct 3001,Approve
1985,Precinct 3001,Precinct 3001,Reject
1986,Precinct 3001,Precinct 3001,Reject
1987,Precinct 3001,Precinct 3001,Reject
1988,Precinct 3001,Precinct 3001,Reject
1989,Precinct 3001,Precinct 3001,Approve
1990,Precinct 3001,Precinct 3001,Reject
1991,Precinct 3001,Precinct 3001,Approve
1992,Precinct 3001,Precinct 3001,Approve
1993,Precinct 3001,Precinct 3001,Approve
1994,Precinct 3001,Precinct 3001,Approve
1995,Precinct 3001,Precinct 3001,Reject
1996,Precinct 3001,Precinct 3001,Reject
1997,Precinct 3001,Precinct 3001,Reject
1998,Precinct 3001,Precinct 3001,Approve
1999,Precinct 3001,Precinct 3001,Reject
2000,Precinct 3001,Precinct 3001,Approve
2001,Precinct 3001,Precinct 3001,Reject
2002,Precinct 3001,Precinct 3001,Reject
2003,Precinct 3001,Precinct 3001,Reject
2004,Precinct 3001,Precinct 3001,Reject
2005,Precinct 3001,Precinct 3001,Approve
2006,Precinct 3001,Precinct 3001,Reject
2007,Precinct 3001,Precinct 3001,Reject
2008,Precinct 3001,Precinct 3001,Approve
2009,Precinct 3001,Precinct 3001,Reject
2010,Precinct 3001,Precinct 3001,Reject
2011,Precinct 3001,Precinct 3001,Approve
2012,Precinct 3001,Precinct 3001,Approve
2013,Precinct 3001,Precinct 3001,Reject
2014,Precinct 3001,Precinct 3001,Approve
2015,Precinct 3001,Precinct 3001,Reject
2016,Precinct 3001,Precinct 3001,Reject
2017,Precinct 3001,Precinct 3001,Approve
2018,Precinct 3001,Precinct 3001,Approve
2019,Precinct 3001,Precinct 3001,Reject
2020,Precinct 3001,Precinct 3001,Approve
2021,Precinct 3001,Precinct 3001,Approve
2022,Precinct 3001,Precinct 3001,Approve
2023,Precinct 3001,Precinct 3001,Approve
2024,Precinct 3001,Precinct 3001,Reject
2025,Precinct 3001,Precinct 3001,Approve
2026,Precinct 3001,Precinct 3001,Reject
2027,Precinct 3001,Precinct 3001,Approve
2028,Precinct 3001,Precinct 3001,Approve
2029,Precinct 3001,Precinct 3001,Approve
2030,Precinct 3001,Precinct 3001,Approve
2031,Precinct 3001,Precinct 3001,Reject
2032,Precinct 3001,Precinct 3001,Reject
2033,Precinct 3001,Precinct 3001,Approve
2034,Precinct 3001,Precinct 3001,Reject
2035,Precinct 3001,Precinct 3001,Reject
2036,Precinct 3001,Precinct 3001,Reject
2037,Precinct 3001,Precinct 3001,Reject
2038,Precinct 3001,Precinct 3001,Approve
2039,Precinct 3001,Precinct 3001,Reject
2040,Precinct 3001,Precinct 3001,Approve
2041,Precinct 3001,Precinct 3001,Approve
2042,Precinct 3001,Precinct 3001,Approve
2043,Precinct 3001,Precinct 3001,Approve
2044,Precinct 3001,Precinct 3001,Reject
2045,Precinct 3001,Precinct 3001,Approve
2046,Precinct 3001,Precinct 3001,Approve
2047,Precinct 3001,Precinct 3001,Approve
2048,Precinct 3001,Precinct 3001,Reject
2049,Precinct 3001,Precinct 3001,Approve
2050,Precinct 3001,Precinct 3001,Approve
2051,Precinct 3001,Precinct 3001,Approve
2052,Precinct 3001,Precinct 3001,Reject
2053,Precinct 3001,Precinct 3001,Approve
2054,Precinct 3001,Precinct 3001,Reject
2055,Precinct 3001,Precinct 3001,Approve
2056,Precinct 3001,Precinct 3001,Reject
2057,Precinct 3001,Precinct 3001,Reject
2058,Precinct 3001,Precinct 3001,Reject
2059,Precinct 3001,Precinct 3001,Approve
2060,Precinct 3001,Precinct 3001,Reject
2061,Precinct 3001,Precinct 3001,Reject
2062,Precinct 3001,Precinct 3001,Approve
2063,Precinct 3001,Precinct 3001,Reject
2064,Precinct 3001,Precinct 3001,Reject
2065,Precinct 3001,Precinct 3001,Approve
2066,Precinct 3001,Precinct 3001,Approve
2067,Precinct 3001,Precinct 3001,Reject
2068,Precinct 3001,Precinct 3001,Approve
2069,Precinct 3001,Precinct 3001,Approve
2070,Precinct 3001,Precinct 3001,Reject
2071,Precinct 3001,Precinct 3001,Approve
2072,Precinct 3001,Precinct 3001,Approve
2073,Precinct 3001,Precinct 3001,Approve
2074,Precinct 3001,Precinct 3001,Reject
2075,Precinct 3001,Precinct 3001,Reject
2076,Precinct 3001,Precinct 3001,Approve
2077,Precinct 3001,Precinct 3001,Reject
2078,Precinct 3001,Precinct 3001,Approve
2079,Precinct 3001,Precinct 3001,Approve
2080,Precinct 3001,Precinct 3001,Approve
2081,Precinct 3001,Precinct 3001,Approve
2082,Precinct 3001,Precinct 3001,Reject
2083,Precinct 3001,Precinct 3001,Approve
2084,Precinct 3001,Precinct 3001,Approve
2085,Precinct 3001,Precinct 3001,Reject
2086,Precinct 3001,Precinct 3001,Reject
2087,Precinct 3001,Precinct 3001,Approve
2088,Precinct 3001,Precinct 3001,Approve
2089,Precinct 3001,Precinct 3001,Reject
2090,Precinct 3001,Precinct 3001,Reject
2091,Precinct 3001,Precinct 3001,Approve
2092,Precinct 3001,Precinct 3001,Reject
2093,Precinct 3001,Precinct 3001,Approve
2094,Precinct 3001,Precinct 3001,Approve
2095,Precinct 3001,Precinct 3001,Reject
2096,Precinct 3001,Precinct 3001,Reject
2097,Precinct 3001,Precinct 3001,Approve
2098,Precinct 3001,Precinct 3001,Approve
2099,Precinct 3001,Precinct 3001,Reject
2100,Precinct 3001,Precinct 3001,Approve
2101,Precinct 3001,Precinct 3001,Approve
2102,Precinct 3001,Precinct 3001,Reject
2103,Precinct 3001,Precinct 3001,Reject
2104,Precinct 3001,Precinct 3001,Approve
2105,Precinct 3001,Precinct 3001,Approve
2106,Precinct 3001,Precinct 3001,Reject
2107,Precinct 3001,Precinct 3001,Reject
2108,Precinct 3001,Precinct 3001,Reject
2109,Precinct 3001,Precinct 3001,Approve
2110,Precinct 3001,Precinct 3001,Approve
2111,Precinct 3001,Precinct 3001,Reject
2112,Precinct 3001,Precinct 3001,Approve
2113,Precinct 3001,Precinct 3001,Reject
2114,Precinct 3001,Precinct 3001,Reject
2115,Precinct 3001,Precinct 3001,Reject
2116,Precinct 3001,Precinct 3001,Approve
2117,Precinct 3001,Precinct 3001,Reject
2118,Precinct 3001,Precinct 3001,Reject
2119,Precinct 3001,Precinct 3001,Reject
2120,Precinct 3001,Precinct 3001,Reject
2121,Precinct 3001,Precinct 3001,Approve
2122,Precinct 3001,Precinct 3001,Approve
2123,Precinct 3001,Precinct 3001,Approve
2124,Precinct 3001,Precinct 3001,Reject
2125,Precinct 3001,Precinct 3001,Approve
2126,Precinct 3001,Precinct 3001,Approve
2127,Precinct 3001,Precinct 3001,Reject
2128,Precinct 3001,Precinct 3001,Approve
2129,Precinct 3001,Precinct 3001,Approve
2130,Precinct 3001,Precinct 3001,Reject
2131,Precinct 3001,Precinct 3001,Reject
2132,Precinct 3001,Precinct 3001,Approve
2133,Precinct 3001,Precinct 3001,Reject
2134,Precinct 3001,Precinct 3001,Reject
2135,Precinct 3001,Precinct 3001,Reject
2136,Precinct 3001,Precinct 3001,Approve
2137,Precinct 3001,Precinct 3001,Approve
2138,Precinct 3001,Precinct 3001,Reject
2139,Precinct 3001,Precinct 3001,Reject
2140,Precinct 3001,Precinct 3001,Approve
2141,Precinct 3001,Precinct 3001,Reject
2142,Precinct 3001,Precinct 3001,Reject
2143,Precinct 3001,Precinct 3001,Approve
2144,Precinct 3001,Precinct 3001,Approve
2145,Precinct 3001,Precinct 3001,Reject
2146,Precinct 3001,Precinct 3001,Approve
2147,Precinct 3001,Precinct 3001,Reject
2148,Precinct 3001,Precinct 3001,Approve
2149,Precinct 3001,Precinct 3001,Reject
2150,Precinct 3001,Precinct 3001,Approve
2151,Precinct 3001,Precinct 3001,Reject
2152,Precinct 3001,Precinct 3001,Approve
2153,Precinct 3001,Precinct 3001,Reject
2154,Precinct 3001,Precinct 3001,Reject
2155,Precinct 3001,Precinct 3001,Reject
2156,Precinct 3001,Precinct 3001,Approve
2157,Precinct 3001,Precinct 3001,Reject
2158,Precinct 3001,Precinct 3001,Reject
2159,Precinct 3001,Precinct 3001,Approve
2160,Precinct 3001,Precinct 3001,Reject
2161,Precinct 3001,Precinct 3001,Reject
2162,Precinct 3001,Precinct 3001,Approve
2163,Precinct 3001,Precinct 3001,Reject
2164,Precinct 3001,Precinct 3001,Approve
2165,Precinct 3001,Precinct 3001,Approve
2166,Precinct 3001,Precinct 3001,Approve
2167,Precinct 3001,Precinct 3001,Approve
2168,Precinct 3001,Precinct 3001,Approve
2169,Precinct 3001,Precinct 3001,Approve
2170,Precinct 3001,Precinct 3001,Approve
2171,Precinct 3001,Precinct 3001,Reject
2172,Precinct 3001,Precinct 3001,Reject
2173,Precinct 3001,Precinct 3001,Reject
2174,Precinct 3001,Precinct 3001,Approve
2175,Precinct 3001,Precinct 3001,Approve
2176,Precinct 3001,Precinct 3001,Reject
2177,Precinct 3001,Precinct 3001,Reject
2178,Precinct 3001,Precinct 3001,Approve
2179,Precinct 3001,Precinct 3001,Approve
2180,Precinct 3001,Precinct 3001,Approve
2181,Precinct 3001,Precinct 3001,Reject
2182,Precinct 3001,Precinct 3001,Reject
2183,Precinct 3001,Precinct 3001,Approve
2184,Precinct 3001,Precinct 3001,Approve
2185,Precinct 3001,Precinct 3001,Approve
2186,Precinct 3001,Precinct 3001,Approve
2187,Precinct 3001,Precinct 3001,Approve
